8f706db56a081efce3b4d245b16a7fc7a0768c71,559c3552f911dfd1c58e2e7a6bbc203b4e2e9e1c,org.eclipse.jgit.test/tst/org/eclipse/jgit/storage/file/FileBasedConfigTest.java,NGit.Test/NGit.Storage.File/FileBasedConfigTest.cs,2012-09-24 19:28:15,2012-11-01 20:39:47
c3f1fac03fdf3ed5165adfd22aa14a21e5876892,559c3552f911dfd1c58e2e7a6bbc203b4e2e9e1c,org.eclipse.jgit.junit/src/org/eclipse/jgit/junit/Assert.java,NGit.Test/NGit.Junit/Assert.cs,2012-09-22 06:21:00,2012-11-01 20:39:47
84e171fbabd898ff46c714058d12a364c1b6499c,559c3552f911dfd1c58e2e7a6bbc203b4e2e9e1c,org.eclipse.jgit.test/tst/org/eclipse/jgit/util/GitDateParserBadlyFormattedTest.java,NGit.Test/NGit.Util/GitDateParserBadlyFormattedTest.cs,2012-09-18 03:41:06,2012-11-01 20:39:47
a551493240d5513a101415e55742c689562d6f51,559c3552f911dfd1c58e2e7a6bbc203b4e2e9e1c,org.eclipse.jgit/src/org/eclipse/jgit/lib/EmptyProgressMonitor.java,NGit/NGit/EmptyProgressMonitor.cs,2012-09-17 04:57:18,2012-11-01 20:39:47
caa362f20df1169e4a677648dce2af29d63cbcec,559c3552f911dfd1c58e2e7a6bbc203b4e2e9e1c,org.eclipse.jgit/src/org/eclipse/jgit/util/io/ThrowingPrintWriter.java,NGit/NGit.Util.IO/ThrowingPrintWriter.cs,2012-09-17 01:12:47,2012-11-01 20:39:47
0a9e010e14c96d97e902bf3c46ac1487ed6fbc18,559c3552f911dfd1c58e2e7a6bbc203b4e2e9e1c,org.eclipse.jgit.test/tst/org/eclipse/jgit/util/io/AutoCRLFInputStreamTest.java,NGit.Test/NGit.Util.IO/AutoCRLFInputStreamTest.cs,2012-09-01 14:56:51,2012-11-01 20:39:47
0a9e010e14c96d97e902bf3c46ac1487ed6fbc18,559c3552f911dfd1c58e2e7a6bbc203b4e2e9e1c,org.eclipse.jgit/src/org/eclipse/jgit/util/io/AutoCRLFInputStream.java,NGit/NGit.Util.IO/AutoCRLFInputStream.cs,2012-09-01 14:56:51,2012-11-01 20:39:47
abd60101b646bfa170e7a4066fd64c32571e4a15,559c3552f911dfd1c58e2e7a6bbc203b4e2e9e1c,org.eclipse.jgit.test/tst/org/eclipse/jgit/util/GitDateParserTest.java,NGit.Test/NGit.Util/GitDateParserTest.cs,2012-08-28 16:33:42,2012-11-01 20:39:47
abd60101b646bfa170e7a4066fd64c32571e4a15,559c3552f911dfd1c58e2e7a6bbc203b4e2e9e1c,org.eclipse.jgit/src/org/eclipse/jgit/util/GitDateParser.java,NGit/NGit.Util/GitDateParser.cs,2012-08-28 16:33:42,2012-11-01 20:39:47
4c3f017a776f71870266f3e26dacbb092a98ef67,e5017646fcc79d3e1c39d1f0ea8318899b177f03,org.eclipse.jgit.test/tst/org/eclipse/jgit/storage/file/GCTest.java,NGit.Test/NGit.Storage.File/GCTest.cs,2012-07-29 20:43:50,2012-08-16 17:24:23
4c3f017a776f71870266f3e26dacbb092a98ef67,e5017646fcc79d3e1c39d1f0ea8318899b177f03,org.eclipse.jgit/src/org/eclipse/jgit/storage/file/GC.java,NGit/NGit.Storage.File/GC.cs,2012-07-29 20:43:50,2012-08-16 17:24:23
028434e4f58bfc154da2f56a68e7aefc220bb359,c6c94ae75bc9a3143ab3ec64f1710b74d953ddc3,org.eclipse.jgit.test/tst/org/eclipse/jgit/merge/ResolveMergerTest.java,NGit.Test/NGit.Merge/ResolveMergerTest.cs,2012-06-23 21:32:34,2012-07-04 06:30:14
2656ac1b5acb9b73c6b47e2cf8830a0a0b2cc214,c6c94ae75bc9a3143ab3ec64f1710b74d953ddc3,org.eclipse.jgit.test/tst/org/eclipse/jgit/lib/SquashCommitMsgTest.java,NGit.Test/NGit/SquashCommitMsgTest.cs,2012-06-15 13:59:41,2012-07-04 06:30:14
2656ac1b5acb9b73c6b47e2cf8830a0a0b2cc214,c6c94ae75bc9a3143ab3ec64f1710b74d953ddc3,org.eclipse.jgit.test/tst/org/eclipse/jgit/merge/SquashMessageFormatterTest.java,NGit.Test/NGit.Merge/SquashMessageFormatterTest.cs,2012-06-15 13:59:41,2012-07-04 06:30:14
2656ac1b5acb9b73c6b47e2cf8830a0a0b2cc214,c6c94ae75bc9a3143ab3ec64f1710b74d953ddc3,org.eclipse.jgit/src/org/eclipse/jgit/merge/SquashMessageFormatter.java,NGit/NGit.Merge/SquashMessageFormatter.cs,2012-06-15 13:59:41,2012-07-04 06:30:14
8672c43ae368a014b1fd7d3c108fd41b2fa7ea9e,c6c94ae75bc9a3143ab3ec64f1710b74d953ddc3,org.eclipse.jgit.test/tst/org/eclipse/jgit/lib/IndexModificationTimesTest.java,NGit.Test/NGit/IndexModificationTimesTest.cs,2012-06-06 18:14:14,2012-07-04 06:30:14
59d2ef94709ba29395c58fec454bf846f920e99a,c6c94ae75bc9a3143ab3ec64f1710b74d953ddc3,org.eclipse.jgit.test/tst/org/eclipse/jgit/revwalk/RevCommitListTest.java,NGit.Test/NGit.Revwalk/RevCommitListTest.cs,2012-05-30 15:26:21,2012-07-04 06:30:14
17be66acdbe662b42a263be77c435945902df968,c6c94ae75bc9a3143ab3ec64f1710b74d953ddc3,org.eclipse.jgit/src/org/eclipse/jgit/lib/BatchRefUpdate.java,NGit/NGit/BatchRefUpdate.cs,2012-05-23 06:45:06,2012-07-04 06:30:14
b14aa4df99e9d87ddcb958deca16c4022107f647,c6c94ae75bc9a3143ab3ec64f1710b74d953ddc3,org.eclipse.jgit.test/tst/org/eclipse/jgit/revwalk/RevCommitListTest.java,NGit.Test/NGit.Revwalk/RevCommitListTest.cs,2012-05-21 20:17:31,2012-07-04 06:30:14
cc37cb777e57f6a5a8e0068945d322ac0f6834e2,c6c94ae75bc9a3143ab3ec64f1710b74d953ddc3,org.eclipse.jgit/src/org/eclipse/jgit/transport/BaseReceivePack.java,NGit/NGit.Transport/BaseReceivePack.cs,2012-05-15 01:41:25,2012-07-04 06:30:14
42d7565ba9b97effdee3f737e32541b26b7341ab,c71af708bc964c8b314a5eeb845d05772a9f4e93,org.eclipse.jgit/src/org/eclipse/jgit/dircache/InvalidPathException.java,NGit/NGit.Dircache/InvalidPathException.cs,2012-04-24 03:37:50,2012-05-01 06:58:39
9c5b31703f278c510bec64fa7a822713feaca6f2,c71af708bc964c8b314a5eeb845d05772a9f4e93,org.eclipse.jgit.test/tst/org/eclipse/jgit/api/HugeFileTest.java,NGit.Test/NGit.Api/HugeFileTest.cs,2012-04-19 02:59:15,2012-05-01 06:58:39
a2dac2c78d1fff0b2cedadcdaac030001eb851ac,c71af708bc964c8b314a5eeb845d05772a9f4e93,org.eclipse.jgit.test/tst/org/eclipse/jgit/util/ReadLinesTest.java,NGit.Test/NGit.Util/ReadLinesTest.cs,2012-04-18 23:57:36,2012-05-01 06:58:39
581e6ca2fe6f5d7c6a65b69a1dcf479c41fffbf2,b580fe753c11b1be15dad2c3cfbd77616b46561a,org.eclipse.jgit/src/org/eclipse/jgit/lib/ConfigLine.java,NGit/NGit/ConfigLine.cs,2012-03-27 21:43:02,2012-04-17 17:43:32
581e6ca2fe6f5d7c6a65b69a1dcf479c41fffbf2,b580fe753c11b1be15dad2c3cfbd77616b46561a,org.eclipse.jgit/src/org/eclipse/jgit/lib/ConfigSnapshot.java,NGit/NGit/ConfigSnapshot.cs,2012-03-27 21:43:02,2012-04-17 17:43:32
bf845c126d53f07de103e03b68ddb7f24014cee5,c71af708bc964c8b314a5eeb845d05772a9f4e93,org.eclipse.jgit.test/tst/org/eclipse/jgit/util/ReadLinesTest.java,NGit.Test/NGit.Util/ReadLinesTest.cs,2012-03-22 17:29:18,2012-05-01 06:58:39
b37b7e69cd3857b1c4463008a034b78870007497,ffb2988dfd9b9cc4241b319fa1821b420a5b2b94,org.eclipse.jgit.test/tst/org/eclipse/jgit/api/StashDropCommandTest.java,NGit.Test/NGit.Api/StashDropCommandTest.cs,2012-03-22 04:16:14,2012-04-17 17:45:58
b37b7e69cd3857b1c4463008a034b78870007497,b580fe753c11b1be15dad2c3cfbd77616b46561a,org.eclipse.jgit/src/org/eclipse/jgit/api/StashDropCommand.java,NGit/NGit.Api/StashDropCommand.cs,2012-03-22 04:16:14,2012-04-17 17:43:32
b37b7e69cd3857b1c4463008a034b78870007497,b580fe753c11b1be15dad2c3cfbd77616b46561a,org.eclipse.jgit/src/org/eclipse/jgit/storage/file/ReflogWriter.java,NGit/NGit.Storage.File/ReflogWriter.cs,2012-03-22 04:16:14,2012-04-17 17:43:32
bbfa4c9b2c1df1471b48bed5a130d1d97aecb82e,b580fe753c11b1be15dad2c3cfbd77616b46561a,org.eclipse.jgit.test/tst/org/eclipse/jgit/transport/SpiTransport.java,NGit.Test/NGit.Transport/SpiTransport.cs,2012-03-22 04:07:55,2012-04-17 17:43:32
fd0c468b7a181062eee910c655ec843950a7b51c,ffb2988dfd9b9cc4241b319fa1821b420a5b2b94,org.eclipse.jgit.test/tst/org/eclipse/jgit/api/RenameBranchCommandTest.java,NGit.Test/NGit.Api/RenameBranchCommandTest.cs,2012-03-22 00:20:54,2012-04-17 17:45:58
039c785d9f0eac3fcb78b9dc2bf61796b82d3401,c23920afce75083a44c9f05cc3d0d2f396bd733c,org.eclipse.jgit/src/org/eclipse/jgit/transport/RequestNotYetReadException.java,NGit/NGit.Transport/RequestNotYetReadException.cs,2012-03-08 06:04:45,2012-03-12 21:00:16
92f90eb2298100c593fe233195ccf2de5bdf47cf,546e169c5126659ca49fbb4a2edc8d83332f1e3b,org.eclipse.jgit.test/tst/org/eclipse/jgit/api/ApplyCommandTest.java,NGit.Test/NGit.Api/ApplyCommandTest.cs,2012-03-05 12:29:01,2012-03-06 21:00:25
92f90eb2298100c593fe233195ccf2de5bdf47cf,546e169c5126659ca49fbb4a2edc8d83332f1e3b,org.eclipse.jgit/src/org/eclipse/jgit/api/ApplyCommand.java,NGit/NGit.Api/ApplyCommand.cs,2012-03-05 12:29:01,2012-03-06 21:00:25
92f90eb2298100c593fe233195ccf2de5bdf47cf,546e169c5126659ca49fbb4a2edc8d83332f1e3b,org.eclipse.jgit/src/org/eclipse/jgit/api/ApplyResult.java,NGit/NGit.Api/ApplyResult.cs,2012-03-05 12:29:01,2012-03-06 21:00:25
92f90eb2298100c593fe233195ccf2de5bdf47cf,546e169c5126659ca49fbb4a2edc8d83332f1e3b,org.eclipse.jgit/src/org/eclipse/jgit/api/errors/PatchApplyException.java,NGit/NGit.Api.Errors/PatchApplyException.cs,2012-03-05 12:29:01,2012-03-06 21:00:25
92f90eb2298100c593fe233195ccf2de5bdf47cf,546e169c5126659ca49fbb4a2edc8d83332f1e3b,org.eclipse.jgit/src/org/eclipse/jgit/api/errors/PatchFormatException.java,NGit/NGit.Api.Errors/PatchFormatException.cs,2012-03-05 12:29:01,2012-03-06 21:00:25
9d41dbd9585794bacff736d7b353ee3f17bc5a2b,546e169c5126659ca49fbb4a2edc8d83332f1e3b,org.eclipse.jgit/src/org/eclipse/jgit/transport/AdvertiseRefsHookChain.java,NGit/NGit.Transport/AdvertiseRefsHookChain.cs,2012-03-01 10:09:23,2012-03-06 21:00:25
1f2022e3a7e9482caa4823e031504b6bbe8246af,546e169c5126659ca49fbb4a2edc8d83332f1e3b,org.eclipse.jgit/src/org/eclipse/jgit/transport/AbstractAdvertiseRefsHook.java,NGit/NGit.Transport/AbstractAdvertiseRefsHook.cs,2012-03-01 10:09:23,2012-03-06 21:00:25
1f2022e3a7e9482caa4823e031504b6bbe8246af,546e169c5126659ca49fbb4a2edc8d83332f1e3b,org.eclipse.jgit/src/org/eclipse/jgit/transport/AdvertiseRefsHook.java,NGit/NGit.Transport/AdvertiseRefsHook.cs,2012-03-01 10:09:23,2012-03-06 21:00:25
1f2022e3a7e9482caa4823e031504b6bbe8246af,546e169c5126659ca49fbb4a2edc8d83332f1e3b,org.eclipse.jgit/src/org/eclipse/jgit/transport/ServiceMayNotContinueException.java,NGit/NGit.Transport/ServiceMayNotContinueException.cs,2012-03-01 10:09:23,2012-03-06 21:00:25
4de8a84671a16a3d70ed074b6f02326fb85af1d1,546e169c5126659ca49fbb4a2edc8d83332f1e3b,org.eclipse.jgit.test/tst/org/eclipse/jgit/api/StashApplyCommandTest.java,NGit.Test/NGit.Api/StashApplyCommandTest.cs,2012-02-29 04:53:13,2012-03-06 21:00:25
4de8a84671a16a3d70ed074b6f02326fb85af1d1,546e169c5126659ca49fbb4a2edc8d83332f1e3b,org.eclipse.jgit/src/org/eclipse/jgit/api/StashApplyCommand.java,NGit/NGit.Api/StashApplyCommand.cs,2012-02-29 04:53:13,2012-03-06 21:00:25
03d4dc597e0577575f56f094c27531d62b10316a,546e169c5126659ca49fbb4a2edc8d83332f1e3b,org.eclipse.jgit.test/tst/org/eclipse/jgit/api/StashCreateCommandTest.java,NGit.Test/NGit.Api/StashCreateCommandTest.cs,2012-02-29 04:46:35,2012-03-06 21:00:25
03d4dc597e0577575f56f094c27531d62b10316a,546e169c5126659ca49fbb4a2edc8d83332f1e3b,org.eclipse.jgit/src/org/eclipse/jgit/api/StashCreateCommand.java,NGit/NGit.Api/StashCreateCommand.cs,2012-02-29 04:46:35,2012-03-06 21:00:25
97210fd6db864026b8745003ea999eb5501aecb7,4d81c341259d49f919d1226b6df694cc49ce4160,org.eclipse.jgit.test/tst/org/eclipse/jgit/api/StashListCommandTest.java,NGit.Test/NGit.Api/StashListCommandTest.cs,2012-01-21 00:00:13,2012-02-02 20:50:49
97210fd6db864026b8745003ea999eb5501aecb7,4d81c341259d49f919d1226b6df694cc49ce4160,org.eclipse.jgit/src/org/eclipse/jgit/api/StashListCommand.java,NGit/NGit.Api/StashListCommand.cs,2012-01-21 00:00:13,2012-02-02 20:50:49
14cc47ea1a117b2b149d10b425dc4dbf8a63bbfe,4d81c341259d49f919d1226b6df694cc49ce4160,org.eclipse.jgit.test/tst/org/eclipse/jgit/lib/BranchTrackingStatusTest.java,NGit.Test/NGit/BranchTrackingStatusTest.cs,2012-01-17 04:33:03,2012-02-02 20:50:49
14cc47ea1a117b2b149d10b425dc4dbf8a63bbfe,4d81c341259d49f919d1226b6df694cc49ce4160,org.eclipse.jgit/src/org/eclipse/jgit/lib/BranchTrackingStatus.java,NGit/NGit/BranchTrackingStatus.cs,2012-01-17 04:33:03,2012-02-02 20:50:49
c0f4880e610f71789a1f1f3fefa9bc6ac6fc7085,4d81c341259d49f919d1226b6df694cc49ce4160,org.eclipse.jgit.test/tst/org/eclipse/jgit/lib/BranchConfigTest.java,NGit.Test/NGit/BranchConfigTest.cs,2012-01-17 04:18:54,2012-02-02 20:50:49
c0f4880e610f71789a1f1f3fefa9bc6ac6fc7085,4d81c341259d49f919d1226b6df694cc49ce4160,org.eclipse.jgit/src/org/eclipse/jgit/lib/BranchConfig.java,NGit/NGit/BranchConfig.cs,2012-01-17 04:18:54,2012-02-02 20:50:49
69d7d1b0b6107e02cc8f7489896f39f5d7f646d7,4d81c341259d49f919d1226b6df694cc49ce4160,org.eclipse.jgit.test/tst/org/eclipse/jgit/revwalk/RevWalkUtilsCountTest.java,NGit.Test/NGit.Revwalk/RevWalkUtilsCountTest.cs,2012-01-17 04:05:20,2012-02-02 20:50:49
69d7d1b0b6107e02cc8f7489896f39f5d7f646d7,4d81c341259d49f919d1226b6df694cc49ce4160,org.eclipse.jgit/src/org/eclipse/jgit/revwalk/RevWalkUtils.java,NGit/NGit.Revwalk/RevWalkUtils.cs,2012-01-17 04:05:20,2012-02-02 20:50:49
e875c905d310153165c5bdb24ead55d98596923a,4d81c341259d49f919d1226b6df694cc49ce4160,org.eclipse.jgit/src/org/eclipse/jgit/util/io/SafeBufferedOutputStream.java,NGit/NGit.Util.IO/SafeBufferedOutputStream.cs,2012-01-15 17:22:52,2012-02-02 20:50:49
b8830d7bbbc206f3f56d06b21814b14b51d69f4f,ffb2988dfd9b9cc4241b319fa1821b420a5b2b94,org.eclipse.jgit/src/org/eclipse/jgit/api/errors/TransportException.java,NGit/NGit.Api.Errors/TransportException.cs,2012-01-15 07:38:25,2012-04-17 17:45:58
76dd9d1d46007fc49639d264631658114f4fbd24,4d81c341259d49f919d1226b6df694cc49ce4160,org.eclipse.jgit.test/tst/org/eclipse/jgit/util/io/AutoCRLFOutputStreamTest.java,NGit.Test/NGit.Util.IO/AutoCRLFOutputStreamTest.cs,2012-01-11 05:15:52,2012-02-02 20:50:49
76dd9d1d46007fc49639d264631658114f4fbd24,4d81c341259d49f919d1226b6df694cc49ce4160,org.eclipse.jgit/src/org/eclipse/jgit/util/io/AutoCRLFOutputStream.java,NGit/NGit.Util.IO/AutoCRLFOutputStream.cs,2012-01-11 05:15:52,2012-02-02 20:50:49
aebfc70cc84b1492cd3f5df04dd9b057d0bec1f7,4d81c341259d49f919d1226b6df694cc49ce4160,org.eclipse.jgit.test/tst/org/eclipse/jgit/storage/file/LockFileTest.java,NGit.Test/NGit.Storage.File/LockFileTest.cs,2012-01-09 23:46:13,2012-02-02 20:50:49
c15c46e41e10283858c151a7ddf8451d1cd0cc6c,4d81c341259d49f919d1226b6df694cc49ce4160,org.eclipse.jgit.test/tst/org/eclipse/jgit/api/CommitCommandTest.java,NGit.Test/NGit.Api/CommitCommandTest.cs,2012-01-04 06:07:02,2012-02-02 20:50:49
1a2ca5b811916013f79fdf2adb08502b872f315c,4d81c341259d49f919d1226b6df694cc49ce4160,org.eclipse.jgit.test/tst/org/eclipse/jgit/revwalk/SkipRevFilterTest.java,NGit.Test/NGit.Revwalk/SkipRevFilterTest.cs,2012-01-02 23:40:02,2012-02-02 20:50:49
1a2ca5b811916013f79fdf2adb08502b872f315c,4d81c341259d49f919d1226b6df694cc49ce4160,org.eclipse.jgit/src/org/eclipse/jgit/revwalk/filter/SkipRevFilter.java,NGit/NGit.Revwalk.Filter/SkipRevFilter.cs,2012-01-02 23:40:02,2012-02-02 20:50:49
92c6f2f97bb478ac0d4731cacafaef52ac0d08d7,4d81c341259d49f919d1226b6df694cc49ce4160,org.eclipse.jgit.test/tst/org/eclipse/jgit/submodule/SubmoduleAddTest.java,NGit.Test/NGit.Submodule/SubmoduleAddTest.cs,2011-12-28 23:33:14,2012-02-02 20:50:49
92c6f2f97bb478ac0d4731cacafaef52ac0d08d7,4d81c341259d49f919d1226b6df694cc49ce4160,org.eclipse.jgit.test/tst/org/eclipse/jgit/submodule/SubmoduleInitTest.java,NGit.Test/NGit.Submodule/SubmoduleInitTest.cs,2011-12-28 23:33:14,2012-02-02 20:50:49
92c6f2f97bb478ac0d4731cacafaef52ac0d08d7,4d81c341259d49f919d1226b6df694cc49ce4160,org.eclipse.jgit.test/tst/org/eclipse/jgit/submodule/SubmoduleStatusTest.java,NGit.Test/NGit.Submodule/SubmoduleStatusTest.cs,2011-12-28 23:33:14,2012-02-02 20:50:49
92c6f2f97bb478ac0d4731cacafaef52ac0d08d7,4d81c341259d49f919d1226b6df694cc49ce4160,org.eclipse.jgit.test/tst/org/eclipse/jgit/submodule/SubmoduleSyncTest.java,NGit.Test/NGit.Submodule/SubmoduleSyncTest.cs,2011-12-28 23:33:14,2012-02-02 20:50:49
92c6f2f97bb478ac0d4731cacafaef52ac0d08d7,4d81c341259d49f919d1226b6df694cc49ce4160,org.eclipse.jgit.test/tst/org/eclipse/jgit/submodule/SubmoduleUpdateTest.java,NGit.Test/NGit.Submodule/SubmoduleUpdateTest.cs,2011-12-28 23:33:14,2012-02-02 20:50:49
92c6f2f97bb478ac0d4731cacafaef52ac0d08d7,4d81c341259d49f919d1226b6df694cc49ce4160,org.eclipse.jgit.test/tst/org/eclipse/jgit/submodule/SubmoduleWalkTest.java,NGit.Test/NGit.Submodule/SubmoduleWalkTest.cs,2011-12-28 23:33:14,2012-02-02 20:50:49
92c6f2f97bb478ac0d4731cacafaef52ac0d08d7,4d81c341259d49f919d1226b6df694cc49ce4160,org.eclipse.jgit/src/org/eclipse/jgit/api/SubmoduleAddCommand.java,NGit/NGit.Api/SubmoduleAddCommand.cs,2011-12-28 23:33:14,2012-02-02 20:50:49
92c6f2f97bb478ac0d4731cacafaef52ac0d08d7,4d81c341259d49f919d1226b6df694cc49ce4160,org.eclipse.jgit/src/org/eclipse/jgit/api/SubmoduleInitCommand.java,NGit/NGit.Api/SubmoduleInitCommand.cs,2011-12-28 23:33:14,2012-02-02 20:50:49
92c6f2f97bb478ac0d4731cacafaef52ac0d08d7,4d81c341259d49f919d1226b6df694cc49ce4160,org.eclipse.jgit/src/org/eclipse/jgit/api/SubmoduleStatusCommand.java,NGit/NGit.Api/SubmoduleStatusCommand.cs,2011-12-28 23:33:14,2012-02-02 20:50:49
92c6f2f97bb478ac0d4731cacafaef52ac0d08d7,4d81c341259d49f919d1226b6df694cc49ce4160,org.eclipse.jgit/src/org/eclipse/jgit/api/SubmoduleSyncCommand.java,NGit/NGit.Api/SubmoduleSyncCommand.cs,2011-12-28 23:33:14,2012-02-02 20:50:49
92c6f2f97bb478ac0d4731cacafaef52ac0d08d7,4d81c341259d49f919d1226b6df694cc49ce4160,org.eclipse.jgit/src/org/eclipse/jgit/api/SubmoduleUpdateCommand.java,NGit/NGit.Api/SubmoduleUpdateCommand.cs,2011-12-28 23:33:14,2012-02-02 20:50:49
92c6f2f97bb478ac0d4731cacafaef52ac0d08d7,4d81c341259d49f919d1226b6df694cc49ce4160,org.eclipse.jgit/src/org/eclipse/jgit/submodule/SubmoduleStatus.java,NGit/NGit.Submodule/SubmoduleStatus.cs,2011-12-28 23:33:14,2012-02-02 20:50:49
92c6f2f97bb478ac0d4731cacafaef52ac0d08d7,4d81c341259d49f919d1226b6df694cc49ce4160,org.eclipse.jgit/src/org/eclipse/jgit/submodule/SubmoduleStatusType.java,NGit/NGit.Submodule/SubmoduleStatusType.cs,2011-12-28 23:33:14,2012-02-02 20:50:49
92c6f2f97bb478ac0d4731cacafaef52ac0d08d7,4d81c341259d49f919d1226b6df694cc49ce4160,org.eclipse.jgit/src/org/eclipse/jgit/submodule/SubmoduleWalk.java,NGit/NGit.Submodule/SubmoduleWalk.cs,2011-12-28 23:33:14,2012-02-02 20:50:49
248959146a383ecbcd6e55919a9595c3b3b7467d,4d81c341259d49f919d1226b6df694cc49ce4160,org.eclipse.jgit.test/tst/org/eclipse/jgit/revwalk/MaxCountRevFilterTest.java,NGit.Test/NGit.Revwalk/MaxCountRevFilterTest.cs,2011-12-23 19:38:07,2012-02-02 20:50:49
248959146a383ecbcd6e55919a9595c3b3b7467d,4d81c341259d49f919d1226b6df694cc49ce4160,org.eclipse.jgit/src/org/eclipse/jgit/revwalk/filter/MaxCountRevFilter.java,NGit/NGit.Revwalk.Filter/MaxCountRevFilter.cs,2011-12-23 19:38:07,2012-02-02 20:50:49
656461a9919403755b34b5dcd261a0f42750369d,4d81c341259d49f919d1226b6df694cc49ce4160,org.eclipse.jgit/src/org/eclipse/jgit/errors/LockFailedException.java,NGit/NGit.Errors/LockFailedException.cs,2011-12-19 05:40:42,2012-02-02 20:50:49
dc4c06e7acba79044fc3850a61971fec615632e5,4d81c341259d49f919d1226b6df694cc49ce4160,org.eclipse.jgit.test/tst/org/eclipse/jgit/lib/ReflogResolveTest.java,NGit.Test/NGit/ReflogResolveTest.cs,2011-12-17 08:05:47,2012-02-02 20:50:49
629c61513c96920efe44da9d5fe2a7669bf943bb,4d81c341259d49f919d1226b6df694cc49ce4160,org.eclipse.jgit/src/org/eclipse/jgit/transport/PostReceiveHookChain.java,NGit/NGit.Transport/PostReceiveHookChain.cs,2011-12-10 00:05:40,2012-02-02 20:50:49
629c61513c96920efe44da9d5fe2a7669bf943bb,4d81c341259d49f919d1226b6df694cc49ce4160,org.eclipse.jgit/src/org/eclipse/jgit/transport/PreReceiveHookChain.java,NGit/NGit.Transport/PreReceiveHookChain.cs,2011-12-10 00:05:40,2012-02-02 20:50:49
629c61513c96920efe44da9d5fe2a7669bf943bb,4d81c341259d49f919d1226b6df694cc49ce4160,org.eclipse.jgit/src/org/eclipse/jgit/transport/PreUploadHookChain.java,NGit/NGit.Transport/PreUploadHookChain.cs,2011-12-10 00:05:40,2012-02-02 20:50:49
629c61513c96920efe44da9d5fe2a7669bf943bb,4d81c341259d49f919d1226b6df694cc49ce4160,org.eclipse.jgit/src/org/eclipse/jgit/transport/UploadPackLoggerChain.java,NGit/NGit.Transport/UploadPackLoggerChain.cs,2011-12-10 00:05:40,2012-02-02 20:50:49
900bdbac5bad9d40df8d310a8f319ab616d1420b,4d81c341259d49f919d1226b6df694cc49ce4160,org.eclipse.jgit.test/tst/org/eclipse/jgit/api/LogCommandTest.java,NGit.Test/NGit.Api/LogCommandTest.cs,2011-11-23 07:14:30,2012-02-02 20:50:49
1fbe688f51cbc1d951dee5443ae0b9d801904c93,4d81c341259d49f919d1226b6df694cc49ce4160,org.eclipse.jgit/src/org/eclipse/jgit/errors/TooLargeObjectInPackException.java,NGit/NGit.Errors/TooLargeObjectInPackException.cs,2011-11-22 23:43:00,2012-02-02 20:50:49
da901c49688ef72858cd2b6904e0f8e478fa0ec3,4d81c341259d49f919d1226b6df694cc49ce4160,org.eclipse.jgit/src/org/eclipse/jgit/api/TransportCommand.java,NGit/NGit.Api/TransportCommand.cs,2011-11-11 01:57:47,2012-02-02 20:50:49
fa4cc2475fb127783e98ddb56b6c1fd155cd2bc4,4d81c341259d49f919d1226b6df694cc49ce4160,org.eclipse.jgit/src/org/eclipse/jgit/util/io/CountingOutputStream.java,NGit/NGit.Util.IO/CountingOutputStream.cs,2011-11-05 01:08:20,2012-02-02 20:50:49
98d4bd6d36d98940f5fd0b6a3e20147cb96903c0,4d81c341259d49f919d1226b6df694cc49ce4160,org.eclipse.jgit.test/tst/org/eclipse/jgit/revwalk/RevWalkFollowFilterTest.java,NGit.Test/NGit.Revwalk/RevWalkFollowFilterTest.cs,2011-10-25 14:22:11,2012-02-02 20:50:49
98d4bd6d36d98940f5fd0b6a3e20147cb96903c0,4d81c341259d49f919d1226b6df694cc49ce4160,org.eclipse.jgit/src/org/eclipse/jgit/revwalk/RenameCallback.java,NGit/NGit.Revwalk/RenameCallback.cs,2011-10-25 14:22:11,2012-02-02 20:50:49
f4460dda97541fb2b97daa08d7c39c676ec8511d,4d81c341259d49f919d1226b6df694cc49ce4160,org.eclipse.jgit.test/tst/org/eclipse/jgit/util/GitDateFormatterTest.java,NGit.Test/NGit.Util/GitDateFormatterTest.cs,2011-10-23 06:51:30,2012-02-02 20:50:49
f4460dda97541fb2b97daa08d7c39c676ec8511d,4d81c341259d49f919d1226b6df694cc49ce4160,org.eclipse.jgit/src/org/eclipse/jgit/util/GitDateFormatter.java,NGit/NGit.Util/GitDateFormatter.cs,2011-10-23 06:51:30,2012-02-02 20:50:49
1570aa9e5c3fb2a6bdb32039f881d8c85a4a1088,4d81c341259d49f919d1226b6df694cc49ce4160,org.eclipse.jgit.test/tst/org/eclipse/jgit/dircache/DirCachePathEditTest.java,NGit.Test/NGit.Dircache/DirCachePathEditTest.cs,2011-10-01 21:35:00,2012-02-02 20:50:49
791a9fd691e5ae101650f27f39366ec7b23f3955,4d81c341259d49f919d1226b6df694cc49ce4160,org.eclipse.jgit/src/org/eclipse/jgit/api/TransportConfigCallback.java,NGit/NGit.Api/TransportConfigCallback.cs,2011-09-16 22:04:35,2012-02-02 20:50:49
eadc26c0a057456cdcb4234bc89846b2207e40f0,4d81c341259d49f919d1226b6df694cc49ce4160,org.eclipse.jgit/src/org/eclipse/jgit/storage/file/CheckoutEntry.java,NGit/NGit.Storage.File/CheckoutEntry.cs,2011-09-05 22:01:56,2012-02-02 20:50:49
9952223e0645fd7a8cddc6093a7f449c6390238d,4d81c341259d49f919d1226b6df694cc49ce4160,org.eclipse.jgit/src/org/eclipse/jgit/revwalk/DepthGenerator.java,NGit/NGit.Revwalk/DepthGenerator.cs,2011-08-22 04:04:23,2012-02-02 20:50:49
9952223e0645fd7a8cddc6093a7f449c6390238d,4d81c341259d49f919d1226b6df694cc49ce4160,org.eclipse.jgit/src/org/eclipse/jgit/revwalk/DepthWalk.java,NGit/NGit.Revwalk/DepthWalk.cs,2011-08-22 04:04:23,2012-02-02 20:50:49
e38cf2078d22e2c902a373371382ac8d82268f2d,4d81c341259d49f919d1226b6df694cc49ce4160,org.eclipse.jgit/src/org/eclipse/jgit/api/ListTagCommand.java,NGit/NGit.Api/ListTagCommand.cs,2011-08-22 03:43:50,2012-02-02 20:50:49
5f787bfd628cab29e262a67da821579b420466f8,4d81c341259d49f919d1226b6df694cc49ce4160,org.eclipse.jgit/src/org/eclipse/jgit/api/DeleteTagCommand.java,NGit/NGit.Api/DeleteTagCommand.cs,2011-08-22 03:18:52,2012-02-02 20:50:49
679cab9b3297e550a9ae04b88ba839dc9eb84957,4d81c341259d49f919d1226b6df694cc49ce4160,org.eclipse.jgit.test/tst/org/eclipse/jgit/diff/DiffEntryTest.java,NGit.Test/NGit.Diff/DiffEntryTest.cs,2011-08-17 17:43:35,2012-02-02 20:50:49
714a3ee151bfa1718c9653aafe2adb855845ea4d,4d81c341259d49f919d1226b6df694cc49ce4160,org.eclipse.jgit.test/tst/org/eclipse/jgit/api/DiffCommandTest.java,NGit.Test/NGit.Api/DiffCommandTest.cs,2011-08-16 16:47:55,2012-02-02 20:50:49
714a3ee151bfa1718c9653aafe2adb855845ea4d,4d81c341259d49f919d1226b6df694cc49ce4160,org.eclipse.jgit/src/org/eclipse/jgit/api/DiffCommand.java,NGit/NGit.Api/DiffCommand.cs,2011-08-16 16:47:55,2012-02-02 20:50:49
2cebb7dbc712898197029881a8c1f41628e51804,4d81c341259d49f919d1226b6df694cc49ce4160,org.eclipse.jgit.test/tst/org/eclipse/jgit/api/ReflogCommandTest.java,NGit.Test/NGit.Api/ReflogCommandTest.cs,2011-06-23 06:32:50,2012-02-02 20:50:49
2cebb7dbc712898197029881a8c1f41628e51804,4d81c341259d49f919d1226b6df694cc49ce4160,org.eclipse.jgit/src/org/eclipse/jgit/api/ReflogCommand.java,NGit/NGit.Api/ReflogCommand.cs,2011-06-23 06:32:50,2012-02-02 20:50:49
65606dc08637de23d0486d84709f2f33a1bcc9a3,4d81c341259d49f919d1226b6df694cc49ce4160,org.eclipse.jgit/src/org/eclipse/jgit/storage/file/ReflogEntry.java,NGit/NGit.Storage.File/ReflogEntry.cs,2011-06-20 22:25:50,2012-02-02 20:50:49
7ff6eb584cf8b83f83a3b5edf897feb53dbf42c0,4d81c341259d49f919d1226b6df694cc49ce4160,org.eclipse.jgit/src/org/eclipse/jgit/transport/UploadPackInternalServerErrorException.java,NGit/NGit.Transport/UploadPackInternalServerErrorException.cs,2011-06-10 07:29:46,2012-02-02 20:50:49
a39045604761f94c40aa8fd7db170c237e8fd64e,263a79f7dded5ba0f3c028db20e5fa65a4e1c883,org.eclipse.jgit.test/tst/org/eclipse/jgit/api/blame/BlameGeneratorTest.java,NGit.Test/NGit.Api.Blame/BlameGeneratorTest.cs,2011-06-01 02:09:30,2011-06-11 05:46:57
a39045604761f94c40aa8fd7db170c237e8fd64e,263a79f7dded5ba0f3c028db20e5fa65a4e1c883,org.eclipse.jgit/src/org/eclipse/jgit/blame/BlameGenerator.java,NGit/NGit.Blame/BlameGenerator.cs,2011-06-01 02:09:30,2011-06-11 05:46:57
a39045604761f94c40aa8fd7db170c237e8fd64e,263a79f7dded5ba0f3c028db20e5fa65a4e1c883,org.eclipse.jgit/src/org/eclipse/jgit/blame/BlameResult.java,NGit/NGit.Blame/BlameResult.cs,2011-06-01 02:09:30,2011-06-11 05:46:57
a39045604761f94c40aa8fd7db170c237e8fd64e,263a79f7dded5ba0f3c028db20e5fa65a4e1c883,org.eclipse.jgit/src/org/eclipse/jgit/blame/Candidate.java,NGit/NGit.Blame/Candidate.cs,2011-06-01 02:09:30,2011-06-11 05:46:57
a39045604761f94c40aa8fd7db170c237e8fd64e,263a79f7dded5ba0f3c028db20e5fa65a4e1c883,org.eclipse.jgit/src/org/eclipse/jgit/blame/Region.java,NGit/NGit.Blame/Region.cs,2011-06-01 02:09:30,2011-06-11 05:46:57
a39045604761f94c40aa8fd7db170c237e8fd64e,263a79f7dded5ba0f3c028db20e5fa65a4e1c883,org.eclipse.jgit/src/org/eclipse/jgit/blame/ReverseWalk.java,NGit/NGit.Blame/ReverseWalk.cs,2011-06-01 02:09:30,2011-06-11 05:46:57
a39045604761f94c40aa8fd7db170c237e8fd64e,abff6b66a9cea12d24010abc7249b663c009e022,org.eclipse.jgit.test/tst/org/eclipse/jgit/api/BlameCommandTest.java,NGit.Test/NGit.Api/BlameCommandTest.cs,2011-06-01 02:09:30,2011-06-08 00:08:00
a39045604761f94c40aa8fd7db170c237e8fd64e,abff6b66a9cea12d24010abc7249b663c009e022,org.eclipse.jgit/src/org/eclipse/jgit/api/BlameCommand.java,NGit/NGit.Api/BlameCommand.cs,2011-06-01 02:09:30,2011-06-08 00:08:00
05fa1713da0ecc36829f321d798c2b08bf7936ff,abff6b66a9cea12d24010abc7249b663c009e022,org.eclipse.jgit.test/tst/org/eclipse/jgit/diff/PatchIdDiffFormatterTest.java,NGit.Test/NGit.Diff/PatchIdDiffFormatterTest.cs,2011-05-25 06:08:47,2011-06-08 00:08:00
05fa1713da0ecc36829f321d798c2b08bf7936ff,abff6b66a9cea12d24010abc7249b663c009e022,org.eclipse.jgit/src/org/eclipse/jgit/diff/PatchIdDiffFormatter.java,NGit/NGit.Diff/PatchIdDiffFormatter.cs,2011-05-25 06:08:47,2011-06-08 00:08:00
05fa1713da0ecc36829f321d798c2b08bf7936ff,abff6b66a9cea12d24010abc7249b663c009e022,org.eclipse.jgit/src/org/eclipse/jgit/util/io/NullOutputStream.java,NGit/NGit.Util.IO/NullOutputStream.cs,2011-05-25 06:08:47,2011-06-08 00:08:00
7d380e9c5e1602e0938792869c4fcba88fd0dc2f,abff6b66a9cea12d24010abc7249b663c009e022,org.eclipse.jgit.test/tst/org/eclipse/jgit/api/CleanCommandTest.java,NGit.Test/NGit.Api/CleanCommandTest.cs,2011-05-25 05:32:19,2011-06-08 00:08:00
08f0e1ffed11012e5069945eb730d44f0adbcd68,abff6b66a9cea12d24010abc7249b663c009e022,org.eclipse.jgit/src/org/eclipse/jgit/api/CleanCommand.java,NGit/NGit.Api/CleanCommand.cs,2011-05-25 05:07:10,2011-06-08 00:08:00
40fa75feb4536218a59b4cb6ea71e3579c8000dd,4d686e9931116edc3a1462f34b269a305811906a,org.eclipse.jgit.test/tst/org/eclipse/jgit/api/LsRemoteCommandTest.java,NGit.Test/NGit.Api/LsRemoteCommandTest.cs,2011-05-20 02:45:21,2011-05-20 20:05:35
e170c314fb96977650d69f7af206d84a362126be,4d686e9931116edc3a1462f34b269a305811906a,org.eclipse.jgit/src/org/eclipse/jgit/api/LsRemoteCommand.java,NGit/NGit.Api/LsRemoteCommand.cs,2011-05-20 02:43:23,2011-05-20 20:05:35
c05c6f3327ca500d1d794c291f07d8ef4eb1aae4,4d686e9931116edc3a1462f34b269a305811906a,org.eclipse.jgit.test/tst/org/eclipse/jgit/util/RelativeDateFormatterTest.java,NGit.Test/NGit.Util/RelativeDateFormatterTest.cs,2011-05-09 19:46:38,2011-05-20 20:05:35
c05c6f3327ca500d1d794c291f07d8ef4eb1aae4,4d686e9931116edc3a1462f34b269a305811906a,org.eclipse.jgit/src/org/eclipse/jgit/util/RelativeDateFormatter.java,NGit/NGit.Util/RelativeDateFormatter.cs,2011-05-09 19:46:38,2011-05-20 20:05:35
ec92f8f59e1365048866d875458ff999f9c41bae,4d686e9931116edc3a1462f34b269a305811906a,org.eclipse.jgit.test/tst/org/eclipse/jgit/api/PathCheckoutCommandTest.java,NGit.Test/NGit.Api/PathCheckoutCommandTest.cs,2011-05-03 22:07:15,2011-05-20 20:05:35
09be3948cd85171fa3a13d937c7125876e27a273,fdc4b5d68d5f0c8db8c236ba531441e731f8a35f,org.eclipse.jgit.test/tst/org/eclipse/jgit/util/RawParseUtilsTest.java,NGit.Test/NGit.Util/RawParseUtilsTest.cs,2011-04-11 23:55:55,2011-04-14 13:18:38
e109529d6f7f9c69e6fe7e864b90cdcafe998cf0,fdc4b5d68d5f0c8db8c236ba531441e731f8a35f,org.eclipse.jgit.test/tst/org/eclipse/jgit/api/NotesCommandTest.java,NGit.Test/NGit.Api/NotesCommandTest.cs,2011-04-11 09:25:14,2011-04-14 13:18:38
e109529d6f7f9c69e6fe7e864b90cdcafe998cf0,fdc4b5d68d5f0c8db8c236ba531441e731f8a35f,org.eclipse.jgit/src/org/eclipse/jgit/api/AddNoteCommand.java,NGit/NGit.Api/AddNoteCommand.cs,2011-04-11 09:25:14,2011-04-14 13:18:38
e109529d6f7f9c69e6fe7e864b90cdcafe998cf0,fdc4b5d68d5f0c8db8c236ba531441e731f8a35f,org.eclipse.jgit/src/org/eclipse/jgit/api/ListNotesCommand.java,NGit/NGit.Api/ListNotesCommand.cs,2011-04-11 09:25:14,2011-04-14 13:18:38
e109529d6f7f9c69e6fe7e864b90cdcafe998cf0,fdc4b5d68d5f0c8db8c236ba531441e731f8a35f,org.eclipse.jgit/src/org/eclipse/jgit/api/RemoveNoteCommand.java,NGit/NGit.Api/RemoveNoteCommand.cs,2011-04-11 09:25:14,2011-04-14 13:18:38
e109529d6f7f9c69e6fe7e864b90cdcafe998cf0,fdc4b5d68d5f0c8db8c236ba531441e731f8a35f,org.eclipse.jgit/src/org/eclipse/jgit/api/ShowNoteCommand.java,NGit/NGit.Api/ShowNoteCommand.cs,2011-04-11 09:25:14,2011-04-14 13:18:38
82372d36f85b5ef003ae1af6857e7a3129049ac5,6dc28ddb352fbc9888d532cef647cab4acec4798,org.eclipse.jgit.test/tst/org/eclipse/jgit/api/GitConstructionTest.java,NGit.Test/NGit.Api/GitConstructionTest.cs,2011-04-02 14:33:45,2011-04-03 16:48:08
64b524e3ca3d1f66edaa49eda2d8863ddca779b5,6dc28ddb352fbc9888d532cef647cab4acec4798,org.eclipse.jgit/src/org/eclipse/jgit/transport/PreUploadHook.java,NGit/NGit.Transport/PreUploadHook.cs,2011-04-02 04:40:33,2011-04-03 16:48:08
64b524e3ca3d1f66edaa49eda2d8863ddca779b5,6dc28ddb352fbc9888d532cef647cab4acec4798,org.eclipse.jgit/src/org/eclipse/jgit/transport/UploadPackMayNotContinueException.java,NGit/NGit.Transport/UploadPackMayNotContinueException.cs,2011-04-02 04:40:33,2011-04-03 16:48:08
c160293d71a3d2cf1f4a89868e2bf6c420f50cf0,b630c6dbf7da811bfec905a35ce36406ffc753ae,org.eclipse.jgit.test/tst/org/eclipse/jgit/api/StatusCommandTest.java,NGit.Test/NGit.Api/StatusCommandTest.cs,2011-03-23 23:08:21,2011-03-24 19:01:23
c160293d71a3d2cf1f4a89868e2bf6c420f50cf0,b630c6dbf7da811bfec905a35ce36406ffc753ae,org.eclipse.jgit/src/org/eclipse/jgit/api/Status.java,NGit/NGit.Api/Status.cs,2011-03-23 23:08:21,2011-03-24 19:01:23
c160293d71a3d2cf1f4a89868e2bf6c420f50cf0,b630c6dbf7da811bfec905a35ce36406ffc753ae,org.eclipse.jgit/src/org/eclipse/jgit/api/StatusCommand.java,NGit/NGit.Api/StatusCommand.cs,2011-03-23 23:08:21,2011-03-24 19:01:23
ccd3d83719eb89045f8b371b041c8e6456d3b403,b630c6dbf7da811bfec905a35ce36406ffc753ae,org.eclipse.jgit/src/org/eclipse/jgit/transport/JschSession.java,NGit/NGit.Transport/JschSession.cs,2011-03-23 22:48:08,2011-03-24 19:01:23
ccd3d83719eb89045f8b371b041c8e6456d3b403,b630c6dbf7da811bfec905a35ce36406ffc753ae,org.eclipse.jgit/src/org/eclipse/jgit/transport/RemoteSession.java,NGit/NGit.Transport/RemoteSession.cs,2011-03-23 22:48:08,2011-03-24 19:01:23
a21e508a318664dac23701ca29d5f0b64d36a76a,b630c6dbf7da811bfec905a35ce36406ffc753ae,org.eclipse.jgit/src/org/eclipse/jgit/api/CherryPickResult.java,NGit/NGit.Api/CherryPickResult.cs,2011-03-23 16:24:14,2011-03-24 19:01:23
26f907a6cb30b45383bee3793bc837b3403a8f0f,85a6878109f609086f5be31b90a033178051f8e1,org.eclipse.jgit.test/tst/org/eclipse/jgit/api/CommitOnlyTest.java,NGit.Test/NGit.Api/CommitOnlyTest.cs,2011-03-18 13:54:35,2011-03-18 18:22:48
bd970007be5c07375b9915033992de9a167e8196,06e25a9987a7edebbcd54d4d43568df558b58a21,org.eclipse.jgit.test/tst/org/eclipse/jgit/lib/ObjectIdOwnerMapTest.java,NGit.Test/NGit/ObjectIdOwnerMapTest.cs,2011-03-14 06:39:30,2011-03-18 18:11:52
bd970007be5c07375b9915033992de9a167e8196,06e25a9987a7edebbcd54d4d43568df558b58a21,org.eclipse.jgit/src/org/eclipse/jgit/lib/ObjectIdOwnerMap.java,NGit/NGit/ObjectIdOwnerMap.cs,2011-03-14 06:39:30,2011-03-18 18:11:52
305a8ac45f350580957743b3b3aa4c4eca0a6396,06e25a9987a7edebbcd54d4d43568df558b58a21,org.eclipse.jgit/src/org/eclipse/jgit/transport/TransportProtocol.java,NGit/NGit.Transport/TransportProtocol.cs,2011-03-14 06:23:56,2011-03-18 18:11:52
f67e5602af72b7b2238eb6f6fcdc206a47edabd5,7b23ac1582d3e7290b5d4c8eab866339eaf0a251,org.eclipse.jgit.test/tst/org/eclipse/jgit/util/BlockListTest.java,NGit.Test/NGit.Util/BlockListTest.cs,2011-03-08 09:23:39,2011-03-08 23:03:09
f67e5602af72b7b2238eb6f6fcdc206a47edabd5,7b23ac1582d3e7290b5d4c8eab866339eaf0a251,org.eclipse.jgit/src/org/eclipse/jgit/util/BlockList.java,NGit/NGit.Util/BlockList.cs,2011-03-08 09:23:39,2011-03-08 23:03:09
68ab451d3907e38f7c259ef52a9c3c6a6ee42ead,aba96ba928f3f49f1a8c1238ed5e131790ec38cd,org.eclipse.jgit/src/org/eclipse/jgit/lib/BatchingProgressMonitor.java,NGit/NGit/BatchingProgressMonitor.cs,2011-03-01 10:36:56,2011-03-03 17:35:56
c5863e4d3b885da3ef8f60e2a71be92b8e133894,aba96ba928f3f49f1a8c1238ed5e131790ec38cd,org.eclipse.jgit.test/tst/org/eclipse/jgit/treewalk/ForPathTest.java,NGit.Test/NGit.Treewalk/ForPathTest.cs,2011-02-18 02:48:22,2011-03-03 17:35:56
5f258d91c02f0876b6dd3fd798717d2fe7c2db18,ef43c51341365b99800a04f8fa46fab8053ad56b,org.eclipse.jgit.test/tst/org/eclipse/jgit/api/ResetCommandTest.java,NGit.Test/NGit.Api/ResetCommandTest.cs,2011-02-17 23:28:26,2011-02-18 16:01:20
5f258d91c02f0876b6dd3fd798717d2fe7c2db18,ef43c51341365b99800a04f8fa46fab8053ad56b,org.eclipse.jgit/src/org/eclipse/jgit/api/ResetCommand.java,NGit/NGit.Api/ResetCommand.cs,2011-02-17 23:28:26,2011-02-18 16:01:20
c8c4524b6b36c1d97e715de9e1ff1aa18763a390,409aa6bab87addb2377f2e3e4f797e3f99c2ef2c,org.eclipse.jgit/src/org/eclipse/jgit/transport/UploadPackLogger.java,NGit/NGit.Transport/UploadPackLogger.cs,2011-02-14 04:43:11,2011-02-15 07:32:26
461b012e9565af8174e5b9d2b2c3a582011ce77e,89ad271a9f6a841e15b61f8b445b8a90d5449e07,org.eclipse.jgit/src/org/eclipse/jgit/storage/file/LocalCachedPack.java,NGit/NGit.Storage.File/LocalCachedPack.cs,2011-02-04 04:20:22,2011-02-04 17:29:58
461b012e9565af8174e5b9d2b2c3a582011ce77e,89ad271a9f6a841e15b61f8b445b8a90d5449e07,org.eclipse.jgit/src/org/eclipse/jgit/storage/pack/CachedPack.java,NGit/NGit.Storage.Pack/CachedPack.cs,2011-02-04 04:20:22,2011-02-04 17:29:58
13bcf05a9ea2d4943faef2c879aac65d37517eb6,b772bd3744b4aa0a09d8412c189c245f4d11de6c,org.eclipse.jgit.test/tst/org/eclipse/jgit/storage/pack/IntSetTest.java,NGit.Test/NGit.Storage.Pack/IntSetTest.cs,2011-02-01 22:12:06,2011-02-16 01:45:06
13bcf05a9ea2d4943faef2c879aac65d37517eb6,229ed1c56dbd1dca7c76d60a504e965709882b11,org.eclipse.jgit/src/org/eclipse/jgit/storage/pack/BaseSearch.java,NGit/NGit.Storage.Pack/BaseSearch.cs,2011-02-01 22:12:06,2011-02-02 16:57:15
13bcf05a9ea2d4943faef2c879aac65d37517eb6,229ed1c56dbd1dca7c76d60a504e965709882b11,org.eclipse.jgit/src/org/eclipse/jgit/storage/pack/IntSet.java,NGit/NGit.Storage.Pack/IntSet.cs,2011-02-01 22:12:06,2011-02-02 16:57:15
4112884ede26000890a5a65a4703b762d93b4336,b772bd3744b4aa0a09d8412c189c245f4d11de6c,org.eclipse.jgit.test/tst/org/eclipse/jgit/api/CloneCommandTest.java,NGit.Test/NGit.Api/CloneCommandTest.cs,2011-02-01 05:56:56,2011-02-16 01:45:06
4112884ede26000890a5a65a4703b762d93b4336,229ed1c56dbd1dca7c76d60a504e965709882b11,org.eclipse.jgit/src/org/eclipse/jgit/api/CloneCommand.java,NGit/NGit.Api/CloneCommand.cs,2011-02-01 05:56:56,2011-02-02 16:57:15
17dc6bdafd6399a94f2b64357ea48873f6b71b2a,b772bd3744b4aa0a09d8412c189c245f4d11de6c,org.eclipse.jgit.test/tst/org/eclipse/jgit/lib/ObjectIdSubclassMapTest.java,NGit.Test/NGit/ObjectIdSubclassMapTest.cs,2011-01-28 23:17:20,2011-02-16 01:45:06
14ca80bc90ed85e3484fa28aa665fa0538096d30,b772bd3744b4aa0a09d8412c189c245f4d11de6c,org.eclipse.jgit.test/tst/org/eclipse/jgit/api/PullCommandWithRebaseTest.java,NGit.Test/NGit.Api/PullCommandWithRebaseTest.cs,2011-01-28 21:04:52,2011-02-16 01:45:06
f5fe2dca3cb9f57891e1a4b18832fcc158d0c490,0635939f33788d9c2e805251e64c1cd78017a8a4,org.eclipse.jgit/src/org/eclipse/jgit/revwalk/ObjectListIterator.java,NGit/NGit.Revwalk/ObjectListIterator.cs,2011-01-28 00:38:19,2011-01-28 17:04:40
1bf0c3cdb1aecac41284e63b2daed2d92b908d3d,d11218ee419720a70e38e48a3f1dfebee1d1792d,org.eclipse.jgit/src/org/eclipse/jgit/storage/file/ObjectDirectoryPackParser.java,NGit/NGit.Storage.File/ObjectDirectoryPackParser.cs,2011-01-26 05:43:06,2011-01-26 08:10:05
1bf0c3cdb1aecac41284e63b2daed2d92b908d3d,d11218ee419720a70e38e48a3f1dfebee1d1792d,org.eclipse.jgit/src/org/eclipse/jgit/transport/PackParser.java,NGit/NGit.Transport/PackParser.cs,2011-01-26 05:43:06,2011-01-26 08:10:05
51dedfdc319d51aa729f3e2801c4a06491d6ddac,b772bd3744b4aa0a09d8412c189c245f4d11de6c,org.eclipse.jgit.test/tst/org/eclipse/jgit/revwalk/RevWalkResetTest.java,NGit.Test/NGit.Revwalk/RevWalkResetTest.cs,2011-01-26 05:39:00,2011-02-16 01:45:06
1993cf8a27835413a498bc15ecb4b5b33e10d042,5746493d051763a76d8005b69ea12d922814c36b,org.eclipse.jgit.test/tst/org/eclipse/jgit/notes/DefaultNoteMergerTest.java,NGit.Test/NGit.Notes/DefaultNoteMergerTest.cs,2011-01-09 06:27:56,2011-01-13 16:18:05
1993cf8a27835413a498bc15ecb4b5b33e10d042,5746493d051763a76d8005b69ea12d922814c36b,org.eclipse.jgit.test/tst/org/eclipse/jgit/notes/NoteMapMergerTest.java,NGit.Test/NGit.Notes/NoteMapMergerTest.cs,2011-01-09 06:27:56,2011-01-13 16:18:05
1993cf8a27835413a498bc15ecb4b5b33e10d042,5746493d051763a76d8005b69ea12d922814c36b,org.eclipse.jgit/src/org/eclipse/jgit/notes/DefaultNoteMerger.java,NGit/NGit.Notes/DefaultNoteMerger.cs,2011-01-09 06:27:56,2011-01-13 16:18:05
1993cf8a27835413a498bc15ecb4b5b33e10d042,5746493d051763a76d8005b69ea12d922814c36b,org.eclipse.jgit/src/org/eclipse/jgit/notes/NoteMapMerger.java,NGit/NGit.Notes/NoteMapMerger.cs,2011-01-09 06:27:56,2011-01-13 16:18:05
1993cf8a27835413a498bc15ecb4b5b33e10d042,5746493d051763a76d8005b69ea12d922814c36b,org.eclipse.jgit/src/org/eclipse/jgit/notes/NoteMerger.java,NGit/NGit.Notes/NoteMerger.cs,2011-01-09 06:27:56,2011-01-13 16:18:05
1993cf8a27835413a498bc15ecb4b5b33e10d042,5746493d051763a76d8005b69ea12d922814c36b,org.eclipse.jgit/src/org/eclipse/jgit/notes/NotesMergeConflictException.java,NGit/NGit.Notes/NotesMergeConflictException.cs,2011-01-09 06:27:56,2011-01-13 16:18:05
b3e59bd9d61d7beecb3a2a245e0b5e84a8326362,5746493d051763a76d8005b69ea12d922814c36b,org.eclipse.jgit.test/tst/org/eclipse/jgit/api/RevertCommandTest.java,NGit.Test/NGit.Api/RevertCommandTest.cs,2011-01-03 04:15:07,2011-01-13 16:18:05
b3e59bd9d61d7beecb3a2a245e0b5e84a8326362,0215f8a5c4a0787d1a67a8848e72b19c29ea0f8c,org.eclipse.jgit/src/org/eclipse/jgit/api/RevertCommand.java,NGit/NGit.Api/RevertCommand.cs,2011-01-03 04:15:07,2011-01-10 19:44:49
797ebba30707259f7a4bc06baa40360ab79d2ff8,0215f8a5c4a0787d1a67a8848e72b19c29ea0f8c,org.eclipse.jgit/src/org/eclipse/jgit/util/FS_POSIX.java,NGit/NGit.Util/FS_POSIX.cs,2010-12-31 17:48:34,2011-01-10 19:44:49
c3f52c62a8b8b1fbed77954c8fa2353a35d05236,5746493d051763a76d8005b69ea12d922814c36b,org.eclipse.jgit.test/tst/org/eclipse/jgit/storage/file/FileSnapshotTest.java,NGit.Test/NGit.Storage.File/FileSnapshotTest.cs,2010-12-30 07:15:59,2011-01-13 16:18:05
645d262de6da32fdb05aba5a48dbf6188dfa7776,2fd950096691ec97f811a33eb6b0001b34f73dd4,org.eclipse.jgit/src/org/eclipse/jgit/api/CheckoutResult.java,NGit/NGit.Api/CheckoutResult.cs,2010-12-20 16:21:49,2010-12-21 14:56:17
c8db22f35531c42fcbb82c0235dcb50a108c74f5,2fd950096691ec97f811a33eb6b0001b34f73dd4,org.eclipse.jgit/src/org/eclipse/jgit/storage/file/FileSnapshot.java,NGit/NGit.Storage.File/FileSnapshot.cs,2010-12-16 06:14:05,2010-12-21 14:56:17
cbd1ecff4d2b21beb59ac52d5f58ed7663c85415,5746493d051763a76d8005b69ea12d922814c36b,org.eclipse.jgit.test/tst/org/eclipse/jgit/util/FileUtilTest.java,NGit.Test/NGit.Util/FileUtilTest.cs,2010-12-10 06:21:23,2011-01-13 16:18:05
1783749e169c57cef7131e1749a01ee269b89df8,5746493d051763a76d8005b69ea12d922814c36b,org.eclipse.jgit.test/tst/org/eclipse/jgit/treewalk/filter/IndexDiffFilterTest.java,NGit.Test/NGit.Treewalk.Filter/IndexDiffFilterTest.cs,2010-12-10 00:51:33,2011-01-13 16:18:05
1783749e169c57cef7131e1749a01ee269b89df8,63f64ff8e4cf11dc22c369076b05d85dcd1e4048,org.eclipse.jgit/src/org/eclipse/jgit/treewalk/filter/IndexDiffFilter.java,NGit/NGit.Treewalk.Filter/IndexDiffFilter.cs,2010-12-10 00:51:33,2010-12-10 02:15:05
6bca46e1683a07f18f00f6ad552eab79ab50bb88,63f64ff8e4cf11dc22c369076b05d85dcd1e4048,org.eclipse.jgit/src/org/eclipse/jgit/api/errors/UnmergedPathsException.java,NGit/NGit.Api.Errors/UnmergedPathsException.cs,2010-12-09 22:10:21,2010-12-10 02:15:05
e22f9552a8531a56fe2ffd7135da3e8607f708bc,ec598f54e57c2592e6077f752f15de5822c53d89,org.eclipse.jgit/src/org/eclipse/jgit/util/FileUtils.java,NGit/NGit.Util/FileUtils.cs,2010-12-08 07:18:29,2010-12-09 16:56:26
f7a566c1aaed71f275567a2047dff1c806240449,5746493d051763a76d8005b69ea12d922814c36b,org.eclipse.jgit.test/tst/org/eclipse/jgit/api/InitCommandTest.java,NGit.Test/NGit.Api/InitCommandTest.cs,2010-12-06 08:01:43,2011-01-13 16:18:05
f7a566c1aaed71f275567a2047dff1c806240449,ec598f54e57c2592e6077f752f15de5822c53d89,org.eclipse.jgit/src/org/eclipse/jgit/api/InitCommand.java,NGit/NGit.Api/InitCommand.cs,2010-12-06 08:01:43,2010-12-09 16:56:26
064ecc25ceea649fb55f1a9a05bc58e8bee9a9c3,5746493d051763a76d8005b69ea12d922814c36b,org.eclipse.jgit.test/tst/org/eclipse/jgit/storage/file/FileRepositoryBuilderTest.java,NGit.Test/NGit.Storage.File/FileRepositoryBuilderTest.cs,2010-12-05 21:42:57,2011-01-13 16:18:05
923443f94faba9e903cabf35a925e65487b17ac3,4cac8f1fe5e315a14a6c1b06bcaf2bd33a553f53,org.eclipse.jgit.test/tst/org/eclipse/jgit/api/CheckoutCommandTest.java,NGit.Test/NGit.Api/CheckoutCommandTest.cs,2010-11-23 04:53:35,2010-11-25 01:40:07
923443f94faba9e903cabf35a925e65487b17ac3,4cac8f1fe5e315a14a6c1b06bcaf2bd33a553f53,org.eclipse.jgit/src/org/eclipse/jgit/api/CheckoutCommand.java,NGit/NGit.Api/CheckoutCommand.cs,2010-11-23 04:53:35,2010-11-25 01:40:07
f7690cceeff61875150cecb489a6aa8665532072,4cac8f1fe5e315a14a6c1b06bcaf2bd33a553f53,org.eclipse.jgit.test/tst/org/eclipse/jgit/api/RmCommandTest.java,NGit.Test/NGit.Api/RmCommandTest.cs,2010-11-23 00:02:28,2010-11-25 01:40:07
f7690cceeff61875150cecb489a6aa8665532072,c9fa3ab4910a438f587f4ff9fe66d389ebdde241,org.eclipse.jgit/src/org/eclipse/jgit/api/RmCommand.java,NGit/NGit.Api/RmCommand.cs,2010-11-23 00:02:28,2010-11-24 00:18:39
e5b96a7848d680cf50123a44cbc147db91d798d3,4cac8f1fe5e315a14a6c1b06bcaf2bd33a553f53,org.eclipse.jgit.test/tst/org/eclipse/jgit/api/RebaseCommandTest.java,NGit.Test/NGit.Api/RebaseCommandTest.cs,2010-11-22 22:58:36,2010-11-25 01:40:07
e5b96a7848d680cf50123a44cbc147db91d798d3,c9fa3ab4910a438f587f4ff9fe66d389ebdde241,org.eclipse.jgit/src/org/eclipse/jgit/api/RebaseCommand.java,NGit/NGit.Api/RebaseCommand.cs,2010-11-22 22:58:36,2010-11-24 00:18:39
e5b96a7848d680cf50123a44cbc147db91d798d3,c9fa3ab4910a438f587f4ff9fe66d389ebdde241,org.eclipse.jgit/src/org/eclipse/jgit/api/RebaseResult.java,NGit/NGit.Api/RebaseResult.cs,2010-11-22 22:58:36,2010-11-24 00:18:39
b923ec9eba4052f17dd832df718a79e32ec66e00,5746493d051763a76d8005b69ea12d922814c36b,org.eclipse.jgit.test/tst/org/eclipse/jgit/util/Base64Test.java,NGit.Test/NGit.Util/Base64Test.cs,2010-11-13 07:05:00,2011-01-13 16:18:05
faa0747cce9826137b3841661a5b745030fb55fe,4cac8f1fe5e315a14a6c1b06bcaf2bd33a553f53,org.eclipse.jgit.test/tst/org/eclipse/jgit/notes/LeafBucketTest.java,NGit.Test/NGit.Notes/LeafBucketTest.cs,2010-11-13 05:01:24,2010-11-25 01:40:07
24fccadeda0a323d9b438dafab33f44491bb15d9,c2ec730fb4326514c4a0028b02936429a8ebc157,org.eclipse.jgit/src/org/eclipse/jgit/storage/file/WriteConfig.java,NGit/NGit.Storage.File/WriteConfig.cs,2010-11-13 04:37:27,2010-11-16 22:38:45
5a2cbd4aa7b442ca0622ad81357258e8ea55e927,5c1b6a9866acb12e734af376159f8371df38891a,org.eclipse.jgit/src/org/eclipse/jgit/notes/NonNoteEntry.java,NGit/NGit.Notes/NonNoteEntry.cs,2010-11-12 01:57:16,2010-11-16 22:41:52
b81b97fbddaab4bc2615fea5301f3eb39e3b03bd,5c1b6a9866acb12e734af376159f8371df38891a,org.eclipse.jgit/src/org/eclipse/jgit/notes/FanoutBucket.java,NGit/NGit.Notes/FanoutBucket.cs,2010-11-11 23:23:38,2010-11-16 22:41:52
b81b97fbddaab4bc2615fea5301f3eb39e3b03bd,5c1b6a9866acb12e734af376159f8371df38891a,org.eclipse.jgit/src/org/eclipse/jgit/notes/InMemoryNoteBucket.java,NGit/NGit.Notes/InMemoryNoteBucket.cs,2010-11-11 23:23:38,2010-11-16 22:41:52
b81b97fbddaab4bc2615fea5301f3eb39e3b03bd,5c1b6a9866acb12e734af376159f8371df38891a,org.eclipse.jgit/src/org/eclipse/jgit/notes/LeafBucket.java,NGit/NGit.Notes/LeafBucket.cs,2010-11-11 23:23:38,2010-11-16 22:41:52
b81b97fbddaab4bc2615fea5301f3eb39e3b03bd,5c1b6a9866acb12e734af376159f8371df38891a,org.eclipse.jgit/src/org/eclipse/jgit/notes/NoteBucket.java,NGit/NGit.Notes/NoteBucket.cs,2010-11-11 23:23:38,2010-11-16 22:41:52
b81b97fbddaab4bc2615fea5301f3eb39e3b03bd,5c1b6a9866acb12e734af376159f8371df38891a,org.eclipse.jgit/src/org/eclipse/jgit/notes/NoteParser.java,NGit/NGit.Notes/NoteParser.cs,2010-11-11 23:23:38,2010-11-16 22:41:52
936820988fa9e46c358af7971806faa6515546f6,4cac8f1fe5e315a14a6c1b06bcaf2bd33a553f53,org.eclipse.jgit.test/tst/org/eclipse/jgit/notes/NoteMapTest.java,NGit.Test/NGit.Notes/NoteMapTest.cs,2010-11-11 23:06:43,2010-11-25 01:40:07
936820988fa9e46c358af7971806faa6515546f6,5c1b6a9866acb12e734af376159f8371df38891a,org.eclipse.jgit/src/org/eclipse/jgit/notes/Note.java,NGit/NGit.Notes/Note.cs,2010-11-11 23:06:43,2010-11-16 22:41:52
936820988fa9e46c358af7971806faa6515546f6,5c1b6a9866acb12e734af376159f8371df38891a,org.eclipse.jgit/src/org/eclipse/jgit/notes/NoteMap.java,NGit/NGit.Notes/NoteMap.cs,2010-11-11 23:06:43,2010-11-16 22:41:52
d279bc83b0670b34f7c9237f803b6cc6e02fbc3e,443536a1bc3763c2ae654aad5df575f81196c4b2,org.eclipse.jgit/src/org/eclipse/jgit/transport/CredentialsProviderUserInfo.java,NGit/NGit.Transport/CredentialsProviderUserInfo.cs,2010-11-11 06:00:13,2010-11-13 00:56:29
308e074f6570c6a12272db994b095b38a0c922f8,443536a1bc3763c2ae654aad5df575f81196c4b2,org.eclipse.jgit/src/org/eclipse/jgit/errors/UnsupportedCredentialItem.java,NGit/NGit.Errors/UnsupportedCredentialItem.cs,2010-11-11 05:58:44,2010-11-13 00:56:29
308e074f6570c6a12272db994b095b38a0c922f8,443536a1bc3763c2ae654aad5df575f81196c4b2,org.eclipse.jgit/src/org/eclipse/jgit/transport/CredentialItem.java,NGit/NGit.Transport/CredentialItem.cs,2010-11-11 05:58:44,2010-11-13 00:56:29
308e074f6570c6a12272db994b095b38a0c922f8,443536a1bc3763c2ae654aad5df575f81196c4b2,org.eclipse.jgit/src/org/eclipse/jgit/transport/CredentialsProvider.java,NGit/NGit.Transport/CredentialsProvider.cs,2010-11-11 05:58:44,2010-11-13 00:56:29
308e074f6570c6a12272db994b095b38a0c922f8,443536a1bc3763c2ae654aad5df575f81196c4b2,org.eclipse.jgit/src/org/eclipse/jgit/transport/UsernamePasswordCredentialsProvider.java,NGit/NGit.Transport/UsernamePasswordCredentialsProvider.cs,2010-11-11 05:58:44,2010-11-13 00:56:29
6290ca3a638d1ac999da6c11628f904b31972067,5746493d051763a76d8005b69ea12d922814c36b,org.eclipse.jgit.test/tst/org/eclipse/jgit/merge/MergeMessageFormatterTest.java,NGit.Test/NGit.Merge/MergeMessageFormatterTest.cs,2010-11-06 19:48:11,2011-01-13 16:18:05
6290ca3a638d1ac999da6c11628f904b31972067,18e94bca057812326202aade442db5d0b0e0f319,org.eclipse.jgit/src/org/eclipse/jgit/merge/MergeMessageFormatter.java,NGit/NGit.Merge/MergeMessageFormatter.cs,2010-11-06 19:48:11,2010-11-11 16:54:59
c27e1daa55255416d93e3a019f556f0ca90fd410,18e94bca057812326202aade442db5d0b0e0f319,org.eclipse.jgit/src/org/eclipse/jgit/lib/TreeFormatter.java,NGit/NGit/TreeFormatter.cs,2010-11-05 09:12:13,2010-11-11 16:54:59
bdf535de4fad0ce37a226ff656b44cafb624b42c,5746493d051763a76d8005b69ea12d922814c36b,org.eclipse.jgit.test/tst/org/eclipse/jgit/lib/ThreadSafeProgressMonitorTest.java,NGit.Test/NGit/ThreadSafeProgressMonitorTest.cs,2010-10-27 22:37:31,2011-01-13 16:18:05
9b4876cedf430e454b99da5410e2a9d624f35129,4cac8f1fe5e315a14a6c1b06bcaf2bd33a553f53,org.eclipse.jgit.test/tst/org/eclipse/jgit/api/CherryPickCommandTest.java,NGit.Test/NGit.Api/CherryPickCommandTest.cs,2010-10-15 21:38:34,2010-11-25 01:40:07
9b4876cedf430e454b99da5410e2a9d624f35129,016b109813def58a35a2c30b5588ece259c35351,org.eclipse.jgit/src/org/eclipse/jgit/api/CherryPickCommand.java,NGit/NGit.Api/CherryPickCommand.cs,2010-10-15 21:38:34,2010-10-18 15:42:16
9b4876cedf430e454b99da5410e2a9d624f35129,016b109813def58a35a2c30b5588ece259c35351,org.eclipse.jgit/src/org/eclipse/jgit/api/errors/MultipleParentsNotAllowedException.java,NGit/NGit.Api.Errors/MultipleParentsNotAllowedException.cs,2010-10-15 21:38:34,2010-10-18 15:42:16
1bd24a23f944e6e9a27eccd34109bd19a94582df,bb9d947f197c1ed167987f8545db3650f6af674a,org.eclipse.jgit/src/org/eclipse/jgit/diff/LowLevelDiffAlgorithm.java,NGit/NGit.Diff/LowLevelDiffAlgorithm.cs,2010-10-11 04:39:29,2010-10-14 20:53:43
7bdef4583bd9aad6e4cb9e51543bdc3c0fb26db4,968d4804f4e7a8a860f472a6ac80ffb9c58cd190,org.eclipse.jgit.test/tst/org/eclipse/jgit/api/BranchCommandTest.java,NGit.Test/NGit.Api/BranchCommandTest.cs,2010-10-11 03:38:49,2010-10-12 03:06:11
7bdef4583bd9aad6e4cb9e51543bdc3c0fb26db4,968d4804f4e7a8a860f472a6ac80ffb9c58cd190,org.eclipse.jgit/src/org/eclipse/jgit/api/CreateBranchCommand.java,NGit/NGit.Api/CreateBranchCommand.cs,2010-10-11 03:38:49,2010-10-12 03:06:11
7bdef4583bd9aad6e4cb9e51543bdc3c0fb26db4,968d4804f4e7a8a860f472a6ac80ffb9c58cd190,org.eclipse.jgit/src/org/eclipse/jgit/api/DeleteBranchCommand.java,NGit/NGit.Api/DeleteBranchCommand.cs,2010-10-11 03:38:49,2010-10-12 03:06:11
7bdef4583bd9aad6e4cb9e51543bdc3c0fb26db4,968d4804f4e7a8a860f472a6ac80ffb9c58cd190,org.eclipse.jgit/src/org/eclipse/jgit/api/ListBranchCommand.java,NGit/NGit.Api/ListBranchCommand.cs,2010-10-11 03:38:49,2010-10-12 03:06:11
7bdef4583bd9aad6e4cb9e51543bdc3c0fb26db4,968d4804f4e7a8a860f472a6ac80ffb9c58cd190,org.eclipse.jgit/src/org/eclipse/jgit/api/RenameBranchCommand.java,NGit/NGit.Api/RenameBranchCommand.cs,2010-10-11 03:38:49,2010-10-12 03:06:11
7bdef4583bd9aad6e4cb9e51543bdc3c0fb26db4,968d4804f4e7a8a860f472a6ac80ffb9c58cd190,org.eclipse.jgit/src/org/eclipse/jgit/api/errors/CannotDeleteCurrentBranchException.java,NGit/NGit.Api.Errors/CannotDeleteCurrentBranchException.cs,2010-10-11 03:38:49,2010-10-12 03:06:11
7bdef4583bd9aad6e4cb9e51543bdc3c0fb26db4,968d4804f4e7a8a860f472a6ac80ffb9c58cd190,org.eclipse.jgit/src/org/eclipse/jgit/api/errors/InvalidRefNameException.java,NGit/NGit.Api.Errors/InvalidRefNameException.cs,2010-10-11 03:38:49,2010-10-12 03:06:11
7bdef4583bd9aad6e4cb9e51543bdc3c0fb26db4,968d4804f4e7a8a860f472a6ac80ffb9c58cd190,org.eclipse.jgit/src/org/eclipse/jgit/api/errors/NotMergedException.java,NGit/NGit.Api.Errors/NotMergedException.cs,2010-10-11 03:38:49,2010-10-12 03:06:11
7bdef4583bd9aad6e4cb9e51543bdc3c0fb26db4,968d4804f4e7a8a860f472a6ac80ffb9c58cd190,org.eclipse.jgit/src/org/eclipse/jgit/api/errors/RefAlreadyExistsException.java,NGit/NGit.Api.Errors/RefAlreadyExistsException.cs,2010-10-11 03:38:49,2010-10-12 03:06:11
7bdef4583bd9aad6e4cb9e51543bdc3c0fb26db4,968d4804f4e7a8a860f472a6ac80ffb9c58cd190,org.eclipse.jgit/src/org/eclipse/jgit/api/errors/RefNotFoundException.java,NGit/NGit.Api.Errors/RefNotFoundException.cs,2010-10-11 03:38:49,2010-10-12 03:06:11
db55d13f5f4b641a9390076ced6b1775bcfcd6f6,968d4804f4e7a8a860f472a6ac80ffb9c58cd190,org.eclipse.jgit.test/tst/org/eclipse/jgit/api/PullCommandTest.java,NGit.Test/NGit.Api/PullCommandTest.cs,2010-10-08 20:57:28,2010-10-12 03:06:11
db55d13f5f4b641a9390076ced6b1775bcfcd6f6,968d4804f4e7a8a860f472a6ac80ffb9c58cd190,org.eclipse.jgit/src/org/eclipse/jgit/api/PullCommand.java,NGit/NGit.Api/PullCommand.cs,2010-10-08 20:57:28,2010-10-12 03:06:11
db55d13f5f4b641a9390076ced6b1775bcfcd6f6,968d4804f4e7a8a860f472a6ac80ffb9c58cd190,org.eclipse.jgit/src/org/eclipse/jgit/api/PullResult.java,NGit/NGit.Api/PullResult.cs,2010-10-08 20:57:28,2010-10-12 03:06:11
db55d13f5f4b641a9390076ced6b1775bcfcd6f6,968d4804f4e7a8a860f472a6ac80ffb9c58cd190,org.eclipse.jgit/src/org/eclipse/jgit/api/errors/CanceledException.java,NGit/NGit.Api.Errors/CanceledException.cs,2010-10-08 20:57:28,2010-10-12 03:06:11
db55d13f5f4b641a9390076ced6b1775bcfcd6f6,968d4804f4e7a8a860f472a6ac80ffb9c58cd190,org.eclipse.jgit/src/org/eclipse/jgit/api/errors/DetachedHeadException.java,NGit/NGit.Api.Errors/DetachedHeadException.cs,2010-10-08 20:57:28,2010-10-12 03:06:11
db55d13f5f4b641a9390076ced6b1775bcfcd6f6,968d4804f4e7a8a860f472a6ac80ffb9c58cd190,org.eclipse.jgit/src/org/eclipse/jgit/api/errors/InvalidConfigurationException.java,NGit/NGit.Api.Errors/InvalidConfigurationException.cs,2010-10-08 20:57:28,2010-10-12 03:06:11
98a41bd4d0695d4f632f029b06f17baabb28da2b,eec62970e6bdc27cf25063ae51b55cc76fb6d5c8,org.eclipse.jgit.test/tst/org/eclipse/jgit/api/PushCommandTest.java,NGit.Test/NGit.Api/PushCommandTest.cs,2010-10-06 01:15:24,2010-10-06 18:31:38
98a41bd4d0695d4f632f029b06f17baabb28da2b,eec62970e6bdc27cf25063ae51b55cc76fb6d5c8,org.eclipse.jgit/src/org/eclipse/jgit/api/PushCommand.java,NGit/NGit.Api/PushCommand.cs,2010-10-06 01:15:24,2010-10-06 18:31:38
858b2c92e8ffecbde9f80dd9d705518b8e6085f6,968d4804f4e7a8a860f472a6ac80ffb9c58cd190,org.eclipse.jgit/src/org/eclipse/jgit/transport/HttpAuthMethod.java,NGit/NGit.Transport/HttpAuthMethod.cs,2010-09-28 13:42:47,2010-10-12 03:06:11
b533a7293429258f34a6778a45a6c66dac55dc43,eec62970e6bdc27cf25063ae51b55cc76fb6d5c8,org.eclipse.jgit.test/tst/org/eclipse/jgit/diff/HistogramDiffTest.java,NGit.Test/NGit.Diff/HistogramDiffTest.cs,2010-09-25 09:10:09,2010-10-06 18:31:38
b533a7293429258f34a6778a45a6c66dac55dc43,eec62970e6bdc27cf25063ae51b55cc76fb6d5c8,org.eclipse.jgit/src/org/eclipse/jgit/diff/HistogramDiff.java,NGit/NGit.Diff/HistogramDiff.cs,2010-09-25 09:10:09,2010-10-06 18:31:38
b533a7293429258f34a6778a45a6c66dac55dc43,eec62970e6bdc27cf25063ae51b55cc76fb6d5c8,org.eclipse.jgit/src/org/eclipse/jgit/diff/HistogramDiffIndex.java,NGit/NGit.Diff/HistogramDiffIndex.cs,2010-09-25 09:10:09,2010-10-06 18:31:38
b60eefb247191b37dea3d51e367ed89a2df575a5,eec62970e6bdc27cf25063ae51b55cc76fb6d5c8,org.eclipse.jgit.test/tst/org/eclipse/jgit/diff/AbstractDiffTestCase.java,NGit.Test/NGit.Diff/AbstractDiffTestCase.cs,2010-09-22 08:01:00,2010-10-06 18:31:38
a67afbfee10ca2963f5f0f52f701376e382572e2,eec62970e6bdc27cf25063ae51b55cc76fb6d5c8,org.eclipse.jgit.test/tst/org/eclipse/jgit/diff/PatienceDiffTest.java,NGit.Test/NGit.Diff/PatienceDiffTest.cs,2010-09-21 08:15:22,2010-10-06 18:31:38
a67afbfee10ca2963f5f0f52f701376e382572e2,eec62970e6bdc27cf25063ae51b55cc76fb6d5c8,org.eclipse.jgit/src/org/eclipse/jgit/diff/PatienceDiff.java,NGit/NGit.Diff/PatienceDiff.cs,2010-09-21 08:15:22,2010-10-06 18:31:38
a67afbfee10ca2963f5f0f52f701376e382572e2,eec62970e6bdc27cf25063ae51b55cc76fb6d5c8,org.eclipse.jgit/src/org/eclipse/jgit/diff/PatienceDiffIndex.java,NGit/NGit.Diff/PatienceDiffIndex.cs,2010-09-21 08:15:22,2010-10-06 18:31:38
baaddd51f1ffcda73640579af47983da8f7ce5f9,eec62970e6bdc27cf25063ae51b55cc76fb6d5c8,org.eclipse.jgit/src/org/eclipse/jgit/diff/HashedSequence.java,NGit/NGit.Diff/HashedSequence.cs,2010-09-21 08:15:21,2010-10-06 18:31:38
baaddd51f1ffcda73640579af47983da8f7ce5f9,eec62970e6bdc27cf25063ae51b55cc76fb6d5c8,org.eclipse.jgit/src/org/eclipse/jgit/diff/HashedSequenceComparator.java,NGit/NGit.Diff/HashedSequenceComparator.cs,2010-09-21 08:15:21,2010-10-06 18:31:38
baaddd51f1ffcda73640579af47983da8f7ce5f9,eec62970e6bdc27cf25063ae51b55cc76fb6d5c8,org.eclipse.jgit/src/org/eclipse/jgit/diff/HashedSequencePair.java,NGit/NGit.Diff/HashedSequencePair.cs,2010-09-21 08:15:21,2010-10-06 18:31:38
bbabc19e2f58236c6997e6bbb8b8f053b8c4587e,eec62970e6bdc27cf25063ae51b55cc76fb6d5c8,org.eclipse.jgit.test/tst/org/eclipse/jgit/api/FetchCommandTest.java,NGit.Test/NGit.Api/FetchCommandTest.cs,2010-09-18 01:32:59,2010-10-06 18:31:38
bbabc19e2f58236c6997e6bbb8b8f053b8c4587e,eec62970e6bdc27cf25063ae51b55cc76fb6d5c8,org.eclipse.jgit/src/org/eclipse/jgit/api/FetchCommand.java,NGit/NGit.Api/FetchCommand.cs,2010-09-18 01:32:59,2010-10-06 18:31:38
bbabc19e2f58236c6997e6bbb8b8f053b8c4587e,eec62970e6bdc27cf25063ae51b55cc76fb6d5c8,org.eclipse.jgit/src/org/eclipse/jgit/api/errors/InvalidRemoteException.java,NGit/NGit.Api.Errors/InvalidRemoteException.cs,2010-09-18 01:32:59,2010-10-06 18:31:38
2dc031ad9b82cadf5b3b47db9107a3fce28a7540,eec62970e6bdc27cf25063ae51b55cc76fb6d5c8,org.eclipse.jgit.test/tst/org/eclipse/jgit/revplot/PlotCommitListTest.java,NGit.Test/NGit.Revplot/PlotCommitListTest.cs,2010-09-14 23:19:44,2010-10-06 18:31:38
276d38065bcc2c91e762b4bd9b143523ac19e014,eec62970e6bdc27cf25063ae51b55cc76fb6d5c8,org.eclipse.jgit/src/org/eclipse/jgit/diff/Subsequence.java,NGit/NGit.Diff/Subsequence.cs,2010-09-11 12:18:54,2010-10-06 18:31:38
276d38065bcc2c91e762b4bd9b143523ac19e014,eec62970e6bdc27cf25063ae51b55cc76fb6d5c8,org.eclipse.jgit/src/org/eclipse/jgit/diff/SubsequenceComparator.java,NGit/NGit.Diff/SubsequenceComparator.cs,2010-09-11 12:18:54,2010-10-06 18:31:38
307ba53eb65f616252567bfc6b8c52703a192be1,eec62970e6bdc27cf25063ae51b55cc76fb6d5c8,org.eclipse.jgit/src/org/eclipse/jgit/diff/DiffAlgorithm.java,NGit/NGit.Diff/DiffAlgorithm.cs,2010-09-11 12:18:54,2010-10-06 18:31:38
3f66e65e710adf3649b10385f899f3df6d680922,eec62970e6bdc27cf25063ae51b55cc76fb6d5c8,org.eclipse.jgit/src/org/eclipse/jgit/storage/file/UnpackedObjectCache.java,NGit/NGit.Storage.File/UnpackedObjectCache.cs,2010-09-08 12:28:06,2010-10-06 18:31:38
67263e2056108e471d684c3cef9e719724b51220,eec62970e6bdc27cf25063ae51b55cc76fb6d5c8,org.eclipse.jgit/src/org/eclipse/jgit/diff/RawTextComparator.java,NGit/NGit.Diff/RawTextComparator.cs,2010-09-07 09:37:11,2010-10-06 18:31:38
9239c1038562c9c16a49165e3293f8c895ef50c2,eec62970e6bdc27cf25063ae51b55cc76fb6d5c8,org.eclipse.jgit/src/org/eclipse/jgit/errors/UnpackException.java,NGit/NGit.Errors/UnpackException.cs,2010-09-04 00:57:55,2010-10-06 18:31:38
59a262d5d27136fa87795feffc7ca029877a2bca,eec62970e6bdc27cf25063ae51b55cc76fb6d5c8,org.eclipse.jgit/src/org/eclipse/jgit/diff/ContentSource.java,NGit/NGit.Diff/ContentSource.cs,2010-09-03 01:38:39,2010-10-06 18:31:38
ea4ff61ad3de3f5742905c7a92e99cf041d19596,eec62970e6bdc27cf25063ae51b55cc76fb6d5c8,org.eclipse.jgit/src/org/eclipse/jgit/treewalk/filter/SkipWorkTreeFilter.java,NGit/NGit.Treewalk.Filter/SkipWorkTreeFilter.cs,2010-09-02 05:19:22,2010-10-06 18:31:38
7d7365548a0702788944309e9767f0c8f9dda4c3,eec62970e6bdc27cf25063ae51b55cc76fb6d5c8,org.eclipse.jgit.test/tst/org/eclipse/jgit/util/RawParseUtils_FormatTest.java,NGit.Test/NGit.Util/RawParseUtils_FormatTest.cs,2010-09-01 01:26:26,2010-10-06 18:31:38
45e79a526c7ffebaf8e4758a6cb6b7af05716707,eec62970e6bdc27cf25063ae51b55cc76fb6d5c8,org.eclipse.jgit/src/org/eclipse/jgit/merge/ResolveMerger.java,NGit/NGit.Merge/ResolveMerger.cs,2010-08-31 06:21:54,2010-10-06 18:31:38
45e79a526c7ffebaf8e4758a6cb6b7af05716707,eec62970e6bdc27cf25063ae51b55cc76fb6d5c8,org.eclipse.jgit/src/org/eclipse/jgit/merge/StrategyResolve.java,NGit/NGit.Merge/StrategyResolve.cs,2010-08-31 06:21:54,2010-10-06 18:31:38
b24f907e3ef647700baeb03f4db55eed125e1677,eec62970e6bdc27cf25063ae51b55cc76fb6d5c8,org.eclipse.jgit/src/org/eclipse/jgit/util/io/TeeInputStream.java,NGit/NGit.Util.IO/TeeInputStream.cs,2010-08-28 03:28:35,2010-10-06 18:31:38
f54e883566970f4b9884755b9aedbee47b511010,eec62970e6bdc27cf25063ae51b55cc76fb6d5c8,org.eclipse.jgit.test/tst/org/eclipse/jgit/api/TagCommandTest.java,NGit.Test/NGit.Api/TagCommandTest.cs,2010-08-28 02:11:31,2010-10-06 18:31:38
f54e883566970f4b9884755b9aedbee47b511010,eec62970e6bdc27cf25063ae51b55cc76fb6d5c8,org.eclipse.jgit/src/org/eclipse/jgit/api/InvalidTagNameException.java,NGit/NGit.Api.Errors/InvalidTagNameException.cs,2010-08-28 02:11:31,2010-10-06 18:31:38
f54e883566970f4b9884755b9aedbee47b511010,eec62970e6bdc27cf25063ae51b55cc76fb6d5c8,org.eclipse.jgit/src/org/eclipse/jgit/api/TagCommand.java,NGit/NGit.Api/TagCommand.cs,2010-08-28 02:11:31,2010-10-06 18:31:38
2059ed205ebdf1b6837077db6cea6d29a4fbcf4a,eec62970e6bdc27cf25063ae51b55cc76fb6d5c8,org.eclipse.jgit.test/tst/org/eclipse/jgit/lib/DirCacheCheckoutTest.java,NGit.Test/NGit/DirCacheCheckoutTest.cs,2010-08-27 21:06:49,2010-10-06 18:31:38
2059ed205ebdf1b6837077db6cea6d29a4fbcf4a,eec62970e6bdc27cf25063ae51b55cc76fb6d5c8,org.eclipse.jgit/src/org/eclipse/jgit/dircache/DirCacheCheckout.java,NGit/NGit.Dircache/DirCacheCheckout.cs,2010-08-27 21:06:49,2010-10-06 18:31:38
2059ed205ebdf1b6837077db6cea6d29a4fbcf4a,eec62970e6bdc27cf25063ae51b55cc76fb6d5c8,org.eclipse.jgit/src/org/eclipse/jgit/errors/IndexWriteException.java,NGit/NGit.Errors/IndexWriteException.cs,2010-08-27 21:06:49,2010-10-06 18:31:38
c44495fa2f6ac0b06dc974d1b6626cf52380ea2c,eec62970e6bdc27cf25063ae51b55cc76fb6d5c8,org.eclipse.jgit/src/org/eclipse/jgit/errors/AmbiguousObjectException.java,NGit/NGit.Errors/AmbiguousObjectException.cs,2010-08-26 07:07:12,2010-10-06 18:31:38
2292655e9ecab7305c4f481f9c1a9463a383e834,eec62970e6bdc27cf25063ae51b55cc76fb6d5c8,org.eclipse.jgit.test/tst/org/eclipse/jgit/lib/ObjectLoaderTest.java,NGit.Test/NGit/ObjectLoaderTest.cs,2010-08-26 07:03:47,2010-10-06 18:31:38
a5c18fcfc7929f91c6aa4a4314d28d0f924aad46,eec62970e6bdc27cf25063ae51b55cc76fb6d5c8,org.eclipse.jgit.test/tst/org/eclipse/jgit/storage/file/AbbreviationTest.java,NGit.Test/NGit.Storage.File/AbbreviationTest.cs,2010-08-24 05:53:11,2010-10-06 18:31:38
e2e38792b5403da38d5e3ab0e15b626e051107f2,eec62970e6bdc27cf25063ae51b55cc76fb6d5c8,org.eclipse.jgit.test/tst/org/eclipse/jgit/util/io/EolCanonicalizingInputStreamTest.java,NGit.Test/NGit.Util.IO/EolCanonicalizingInputStreamTest.cs,2010-08-21 08:03:07,2010-10-06 18:31:38
e2e38792b5403da38d5e3ab0e15b626e051107f2,eec62970e6bdc27cf25063ae51b55cc76fb6d5c8,org.eclipse.jgit/src/org/eclipse/jgit/treewalk/WorkingTreeOptions.java,NGit/NGit.Treewalk/WorkingTreeOptions.cs,2010-08-21 08:03:07,2010-10-06 18:31:38
e2e38792b5403da38d5e3ab0e15b626e051107f2,eec62970e6bdc27cf25063ae51b55cc76fb6d5c8,org.eclipse.jgit/src/org/eclipse/jgit/util/io/EolCanonicalizingInputStream.java,NGit/NGit.Util.IO/EolCanonicalizingInputStream.cs,2010-08-21 08:03:07,2010-10-06 18:31:38
f048af3fd19547d3692f5df968571ffd7556b688,eec62970e6bdc27cf25063ae51b55cc76fb6d5c8,org.eclipse.jgit/src/org/eclipse/jgit/lib/AsyncObjectLoaderQueue.java,NGit/NGit/AsyncObjectLoaderQueue.cs,2010-08-21 07:41:27,2010-10-06 18:31:38
f048af3fd19547d3692f5df968571ffd7556b688,eec62970e6bdc27cf25063ae51b55cc76fb6d5c8,org.eclipse.jgit/src/org/eclipse/jgit/lib/AsyncObjectSizeQueue.java,NGit/NGit/AsyncObjectSizeQueue.cs,2010-08-21 07:41:27,2010-10-06 18:31:38
f048af3fd19547d3692f5df968571ffd7556b688,eec62970e6bdc27cf25063ae51b55cc76fb6d5c8,org.eclipse.jgit/src/org/eclipse/jgit/lib/AsyncOperation.java,NGit/NGit/AsyncOperation.cs,2010-08-21 07:41:27,2010-10-06 18:31:38
f048af3fd19547d3692f5df968571ffd7556b688,eec62970e6bdc27cf25063ae51b55cc76fb6d5c8,org.eclipse.jgit/src/org/eclipse/jgit/revwalk/AsyncRevObjectQueue.java,NGit/NGit.Revwalk/AsyncRevObjectQueue.cs,2010-08-21 07:41:27,2010-10-06 18:31:38
b7388637d80b1a73bf617a3656caea80f5ac682f,eec62970e6bdc27cf25063ae51b55cc76fb6d5c8,org.eclipse.jgit.test/tst/org/eclipse/jgit/events/ConfigChangeEventTest.java,NGit.Test/NGit.Events/ConfigChangeEventTest.cs,2010-08-20 01:36:56,2010-10-06 18:31:38
cd1141cd45e8148c2d3fc5553ae19c9fee3fc4a6,eec62970e6bdc27cf25063ae51b55cc76fb6d5c8,org.eclipse.jgit/src/org/eclipse/jgit/treewalk/filter/NotIgnoredFilter.java,NGit/NGit.Treewalk.Filter/NotIgnoredFilter.cs,2010-08-12 23:43:02,2010-10-06 18:31:38
4ed2f940136c7f49fde0f029e5b301148ca75cfc,eec62970e6bdc27cf25063ae51b55cc76fb6d5c8,org.eclipse.jgit.test/tst/org/eclipse/jgit/lib/RacyGitTests.java,NGit.Test/NGit/RacyGitTests.cs,2010-07-29 02:16:23,2010-10-06 18:31:38
4ed2f940136c7f49fde0f029e5b301148ca75cfc,eec62970e6bdc27cf25063ae51b55cc76fb6d5c8,org.eclipse.jgit.test/tst/org/eclipse/jgit/treewalk/FileTreeIteratorWithTimeControl.java,NGit.Test/NGit.Treewalk/FileTreeIteratorWithTimeControl.cs,2010-07-29 02:16:23,2010-10-06 18:31:38
1b783d037091266b035e1727db6b6ce7a397ef63,eec62970e6bdc27cf25063ae51b55cc76fb6d5c8,org.eclipse.jgit/src/org/eclipse/jgit/storage/pack/DeltaTask.java,NGit/NGit.Storage.Pack/DeltaTask.cs,2010-07-29 00:50:28,2010-10-06 18:31:38
f56a459966c8e5564cb23ccb3c272a0daa05a1aa,eec62970e6bdc27cf25063ae51b55cc76fb6d5c8,org.eclipse.jgit.test/tst/org/eclipse/jgit/lib/MergeHeadMsgTest.java,NGit.Test/NGit/MergeHeadMsgTest.cs,2010-07-28 01:48:23,2010-10-06 18:31:38
7ff18f3ec9f28609605dc5cca875cca2401b0ce5,eec62970e6bdc27cf25063ae51b55cc76fb6d5c8,org.eclipse.jgit/src/org/eclipse/jgit/lib/StoredConfig.java,NGit/NGit/StoredConfig.cs,2010-07-27 06:50:11,2010-10-06 18:31:38
09910ffa32e472481a3ba237cf99d803576c9172,eec62970e6bdc27cf25063ae51b55cc76fb6d5c8,org.eclipse.jgit.test/tst/org/eclipse/jgit/ignore/IgnoreNodeTest.java,NGit.Test/NGit.Ignore/IgnoreNodeTest.cs,2010-07-22 00:34:08,2010-10-06 18:31:38
233e0130b5b739a880bf5f8f2416ad538a4a98d4,eec62970e6bdc27cf25063ae51b55cc76fb6d5c8,org.eclipse.jgit.test/tst/org/eclipse/jgit/api/AddCommandTest.java,NGit.Test/NGit.Api/AddCommandTest.cs,2010-07-14 18:24:58,2010-10-06 18:31:38
233e0130b5b739a880bf5f8f2416ad538a4a98d4,eec62970e6bdc27cf25063ae51b55cc76fb6d5c8,org.eclipse.jgit/src/org/eclipse/jgit/api/AddCommand.java,NGit/NGit.Api/AddCommand.cs,2010-07-14 18:24:58,2010-10-06 18:31:38
233e0130b5b739a880bf5f8f2416ad538a4a98d4,eec62970e6bdc27cf25063ae51b55cc76fb6d5c8,org.eclipse.jgit/src/org/eclipse/jgit/api/NoFilepatternException.java,NGit/NGit.Api.Errors/NoFilepatternException.cs,2010-07-14 18:24:58,2010-10-06 18:31:38
b878cdcf6b4c2445553dcd1507d5c3008bf56b7b,eec62970e6bdc27cf25063ae51b55cc76fb6d5c8,org.eclipse.jgit.test/tst/org/eclipse/jgit/ignore/IgnoreMatcherTest.java,NGit.Test/NGit.Ignore/IgnoreMatcherTest.cs,2010-07-13 05:34:15,2010-10-06 18:31:38
b878cdcf6b4c2445553dcd1507d5c3008bf56b7b,eec62970e6bdc27cf25063ae51b55cc76fb6d5c8,org.eclipse.jgit/src/org/eclipse/jgit/ignore/IgnoreNode.java,NGit/NGit.Ignore/IgnoreNode.cs,2010-07-13 05:34:15,2010-10-06 18:31:38
b878cdcf6b4c2445553dcd1507d5c3008bf56b7b,eec62970e6bdc27cf25063ae51b55cc76fb6d5c8,org.eclipse.jgit/src/org/eclipse/jgit/ignore/IgnoreRule.java,NGit/NGit.Ignore/IgnoreRule.cs,2010-07-13 05:34:15,2010-10-06 18:31:38
74e08350129825c63c1b0c683b402241a844aabb,eec62970e6bdc27cf25063ae51b55cc76fb6d5c8,org.eclipse.jgit/src/org/eclipse/jgit/lib/ThreadSafeProgressMonitor.java,NGit/NGit/ThreadSafeProgressMonitor.cs,2010-07-10 09:17:30,2010-10-06 18:31:38
74e08350129825c63c1b0c683b402241a844aabb,eec62970e6bdc27cf25063ae51b55cc76fb6d5c8,org.eclipse.jgit/src/org/eclipse/jgit/storage/pack/ThreadSafeDeltaCache.java,NGit/NGit.Storage.Pack/ThreadSafeDeltaCache.cs,2010-07-10 09:17:30,2010-10-06 18:31:38
a960d1429eec198a9d46e296c39e9e1aef95c6c7,eec62970e6bdc27cf25063ae51b55cc76fb6d5c8,org.eclipse.jgit/src/org/eclipse/jgit/storage/pack/DeltaCache.java,NGit/NGit.Storage.Pack/DeltaCache.cs,2010-07-10 09:15:54,2010-10-06 18:31:38
dfad23bf3d9b17cc3e9d736fa3daf6ace52dbc33,eec62970e6bdc27cf25063ae51b55cc76fb6d5c8,org.eclipse.jgit/src/org/eclipse/jgit/storage/pack/DeltaWindow.java,NGit/NGit.Storage.Pack/DeltaWindow.cs,2010-07-10 09:14:18,2010-10-06 18:31:38
dfad23bf3d9b17cc3e9d736fa3daf6ace52dbc33,eec62970e6bdc27cf25063ae51b55cc76fb6d5c8,org.eclipse.jgit/src/org/eclipse/jgit/storage/pack/DeltaWindowEntry.java,NGit/NGit.Storage.Pack/DeltaWindowEntry.cs,2010-07-10 09:14:18,2010-10-06 18:31:38
8612c0ace184797f32204e8e8126f20cf5f02214,eec62970e6bdc27cf25063ae51b55cc76fb6d5c8,org.eclipse.jgit.test/tst/org/eclipse/jgit/storage/pack/DeltaIndexTest.java,NGit.Test/NGit.Storage.Pack/DeltaIndexTest.cs,2010-07-10 09:10:55,2010-10-06 18:31:38
8612c0ace184797f32204e8e8126f20cf5f02214,eec62970e6bdc27cf25063ae51b55cc76fb6d5c8,org.eclipse.jgit/src/org/eclipse/jgit/storage/pack/DeltaIndex.java,NGit/NGit.Storage.Pack/DeltaIndex.cs,2010-07-10 09:10:55,2010-10-06 18:31:38
8612c0ace184797f32204e8e8126f20cf5f02214,eec62970e6bdc27cf25063ae51b55cc76fb6d5c8,org.eclipse.jgit/src/org/eclipse/jgit/storage/pack/DeltaIndexScanner.java,NGit/NGit.Storage.Pack/DeltaIndexScanner.cs,2010-07-10 09:10:55,2010-10-06 18:31:38
616bc74cf7f888b3bf9c091e13c954ea45b8d68c,eec62970e6bdc27cf25063ae51b55cc76fb6d5c8,org.eclipse.jgit/src/org/eclipse/jgit/storage/pack/PackConfig.java,NGit/NGit.Storage.Pack/PackConfig.cs,2010-07-10 09:00:46,2010-10-06 18:31:38
a8b29afd82795b3d98b42bf214fea27ab61984cc,eec62970e6bdc27cf25063ae51b55cc76fb6d5c8,org.eclipse.jgit.test/tst/org/eclipse/jgit/diff/DiffFormatterTest.java,NGit.Test/NGit.Diff/DiffFormatterTest.cs,2010-07-09 06:58:55,2010-10-06 18:31:38
4be88168b69465ccb81a44ddcc614b0e60d7956d,eec62970e6bdc27cf25063ae51b55cc76fb6d5c8,org.eclipse.jgit.test/tst/org/eclipse/jgit/lib/WorkDirCheckout_ReadTreeTest.java,NGit.Test/NGit/WorkDirCheckout_ReadTreeTest.cs,2010-07-09 06:38:49,2010-10-06 18:31:38
1913b41bc749ed8a176d7ea8100fb4b260547523,eec62970e6bdc27cf25063ae51b55cc76fb6d5c8,org.eclipse.jgit/src/org/eclipse/jgit/revwalk/FollowFilter.java,NGit/NGit.Revwalk/FollowFilter.cs,2010-07-04 08:17:55,2010-10-06 18:31:38
e9de5643fad6abdfe081d1a11416f2e4fa669038,eec62970e6bdc27cf25063ae51b55cc76fb6d5c8,org.eclipse.jgit/src/org/eclipse/jgit/diff/DiffConfig.java,NGit/NGit.Diff/DiffConfig.cs,2010-07-04 08:17:52,2010-10-06 18:31:38
978535b09080edcc01302e80b37b9e1263c21db3,eec62970e6bdc27cf25063ae51b55cc76fb6d5c8,org.eclipse.jgit.test/tst/org/eclipse/jgit/diff/SimilarityIndexTest.java,NGit.Test/NGit.Diff/SimilarityIndexTest.cs,2010-07-04 06:32:03,2010-10-06 18:31:38
978535b09080edcc01302e80b37b9e1263c21db3,eec62970e6bdc27cf25063ae51b55cc76fb6d5c8,org.eclipse.jgit/src/org/eclipse/jgit/diff/SimilarityIndex.java,NGit/NGit.Diff/SimilarityIndex.cs,2010-07-04 06:32:03,2010-10-06 18:31:38
978535b09080edcc01302e80b37b9e1263c21db3,eec62970e6bdc27cf25063ae51b55cc76fb6d5c8,org.eclipse.jgit/src/org/eclipse/jgit/diff/SimilarityRenameDetector.java,NGit/NGit.Diff/SimilarityRenameDetector.cs,2010-07-04 06:32:03,2010-10-06 18:31:38
113577617bc4b2b31f2a44290cc607431c8357a7,eec62970e6bdc27cf25063ae51b55cc76fb6d5c8,org.eclipse.jgit/src/org/eclipse/jgit/events/ConfigChangedEvent.java,NGit/NGit.Events/ConfigChangedEvent.cs,2010-07-03 02:41:39,2010-10-06 18:31:38
113577617bc4b2b31f2a44290cc607431c8357a7,eec62970e6bdc27cf25063ae51b55cc76fb6d5c8,org.eclipse.jgit/src/org/eclipse/jgit/events/ConfigChangedListener.java,NGit/NGit.Events/ConfigChangedListener.cs,2010-07-03 02:41:39,2010-10-06 18:31:38
ad68553be4417ec7ac636c3d823fdddced46ecfb,eec62970e6bdc27cf25063ae51b55cc76fb6d5c8,org.eclipse.jgit.test/tst/org/eclipse/jgit/storage/pack/DeltaStreamTest.java,NGit.Test/NGit.Storage.Pack/DeltaStreamTest.cs,2010-07-02 16:19:12,2010-10-06 18:31:38
ad68553be4417ec7ac636c3d823fdddced46ecfb,eec62970e6bdc27cf25063ae51b55cc76fb6d5c8,org.eclipse.jgit/src/org/eclipse/jgit/storage/file/LargePackedDeltaObject.java,NGit/NGit.Storage.File/LargePackedDeltaObject.cs,2010-07-02 16:19:12,2010-10-06 18:31:38
ad68553be4417ec7ac636c3d823fdddced46ecfb,eec62970e6bdc27cf25063ae51b55cc76fb6d5c8,org.eclipse.jgit/src/org/eclipse/jgit/storage/pack/DeltaEncoder.java,NGit/NGit.Storage.Pack/DeltaEncoder.cs,2010-07-02 16:19:12,2010-10-06 18:31:38
ad68553be4417ec7ac636c3d823fdddced46ecfb,eec62970e6bdc27cf25063ae51b55cc76fb6d5c8,org.eclipse.jgit/src/org/eclipse/jgit/storage/pack/DeltaStream.java,NGit/NGit.Storage.Pack/DeltaStream.cs,2010-07-02 16:19:12,2010-10-06 18:31:38
ded8f6c72150253c86b9586025da3a3997ccad6c,eec62970e6bdc27cf25063ae51b55cc76fb6d5c8,org.eclipse.jgit.test/tst/org/eclipse/jgit/storage/file/PackFileTest.java,NGit.Test/NGit.Storage.File/PackFileTest.cs,2010-07-02 09:34:21,2010-10-06 18:31:38
ded8f6c72150253c86b9586025da3a3997ccad6c,eec62970e6bdc27cf25063ae51b55cc76fb6d5c8,org.eclipse.jgit/src/org/eclipse/jgit/storage/file/LargePackedWholeObject.java,NGit/NGit.Storage.File/LargePackedWholeObject.cs,2010-07-02 09:34:21,2010-10-06 18:31:38
ded8f6c72150253c86b9586025da3a3997ccad6c,eec62970e6bdc27cf25063ae51b55cc76fb6d5c8,org.eclipse.jgit/src/org/eclipse/jgit/storage/file/PackInputStream.java,NGit/NGit.Storage.File/PackInputStream.cs,2010-07-02 09:34:21,2010-10-06 18:31:38
fa23482ca71314ef412ca7b2a4a5ae6886507dcf,eec62970e6bdc27cf25063ae51b55cc76fb6d5c8,org.eclipse.jgit.test/tst/org/eclipse/jgit/storage/file/UnpackedObjectTest.java,NGit.Test/NGit.Storage.File/UnpackedObjectTest.cs,2010-07-02 08:26:17,2010-10-06 18:31:38
fa23482ca71314ef412ca7b2a4a5ae6886507dcf,eec62970e6bdc27cf25063ae51b55cc76fb6d5c8,org.eclipse.jgit/src/org/eclipse/jgit/storage/file/UnpackedObject.java,NGit/NGit.Storage.File/UnpackedObject.cs,2010-07-02 08:26:17,2010-10-06 18:31:38
cb8e1e6014c9cbac9c557df519ad7e22bdcf7d7d,eec62970e6bdc27cf25063ae51b55cc76fb6d5c8,org.eclipse.jgit.test/tst/org/eclipse/jgit/diff/RenameDetectorTest.java,NGit.Test/NGit.Diff/RenameDetectorTest.cs,2010-07-02 07:33:53,2010-10-06 18:31:38
cb8e1e6014c9cbac9c557df519ad7e22bdcf7d7d,eec62970e6bdc27cf25063ae51b55cc76fb6d5c8,org.eclipse.jgit/src/org/eclipse/jgit/diff/RenameDetector.java,NGit/NGit.Diff/RenameDetector.cs,2010-07-02 07:33:53,2010-10-06 18:31:38
23e7f6376ada54b1be232b15366d850d3038b95f,eec62970e6bdc27cf25063ae51b55cc76fb6d5c8,org.eclipse.jgit/src/org/eclipse/jgit/errors/LargeObjectException.java,NGit/NGit.Errors/LargeObjectException.cs,2010-07-01 08:36:10,2010-10-06 18:31:38
23e7f6376ada54b1be232b15366d850d3038b95f,eec62970e6bdc27cf25063ae51b55cc76fb6d5c8,org.eclipse.jgit/src/org/eclipse/jgit/lib/ObjectStream.java,NGit/NGit/ObjectStream.cs,2010-07-01 08:36:10,2010-10-06 18:31:38
7b0b4110ed4f63efed25af2f03bf01d2715c5fbf,eec62970e6bdc27cf25063ae51b55cc76fb6d5c8,org.eclipse.jgit/src/org/eclipse/jgit/diff/DiffEntry.java,NGit/NGit.Diff/DiffEntry.cs,2010-07-01 07:53:27,2010-10-06 18:31:38
cb9d8285bacf315e323d41f7bdc42acc8124fe98,eec62970e6bdc27cf25063ae51b55cc76fb6d5c8,org.eclipse.jgit/src/org/eclipse/jgit/errors/NoWorkTreeException.java,NGit/NGit.Errors/NoWorkTreeException.cs,2010-06-30 23:48:36,2010-10-06 18:31:38
9869ef2592b1fea3a75ae17a67d55025382fdb82,eec62970e6bdc27cf25063ae51b55cc76fb6d5c8,org.eclipse.jgit.test/tst/org/eclipse/jgit/diff/RawTextIgnoreLeadingWhitespaceTest.java,NGit.Test/NGit.Diff/RawTextIgnoreLeadingWhitespaceTest.cs,2010-06-29 07:25:19,2010-10-06 18:31:38
9869ef2592b1fea3a75ae17a67d55025382fdb82,eec62970e6bdc27cf25063ae51b55cc76fb6d5c8,org.eclipse.jgit.test/tst/org/eclipse/jgit/diff/RawTextIgnoreTrailingWhitespaceTest.java,NGit.Test/NGit.Diff/RawTextIgnoreTrailingWhitespaceTest.cs,2010-06-29 07:25:19,2010-10-06 18:31:38
9869ef2592b1fea3a75ae17a67d55025382fdb82,eec62970e6bdc27cf25063ae51b55cc76fb6d5c8,org.eclipse.jgit.test/tst/org/eclipse/jgit/diff/RawTextIgnoreWhitespaceChangeTest.java,NGit.Test/NGit.Diff/RawTextIgnoreWhitespaceChangeTest.cs,2010-06-29 07:25:19,2010-10-06 18:31:38
543235b805d73b30f778255415ff2ec0d64b4334,eec62970e6bdc27cf25063ae51b55cc76fb6d5c8,org.eclipse.jgit.test/tst/org/eclipse/jgit/diff/RawTextIgnoreAllWhitespaceTest.java,NGit.Test/NGit.Diff/RawTextIgnoreAllWhitespaceTest.cs,2010-06-29 00:59:10,2010-10-06 18:31:38
543235b805d73b30f778255415ff2ec0d64b4334,eec62970e6bdc27cf25063ae51b55cc76fb6d5c8,org.eclipse.jgit.test/tst/org/eclipse/jgit/util/RawCharUtilTest.java,NGit.Test/NGit.Util/RawCharUtilTest.cs,2010-06-29 00:59:10,2010-10-06 18:31:38
543235b805d73b30f778255415ff2ec0d64b4334,eec62970e6bdc27cf25063ae51b55cc76fb6d5c8,org.eclipse.jgit/src/org/eclipse/jgit/util/RawCharUtil.java,NGit/NGit.Util/RawCharUtil.cs,2010-06-29 00:59:10,2010-10-06 18:31:38
ece88b99eb2ea6541b667aa066573184c25b6a8b,eec62970e6bdc27cf25063ae51b55cc76fb6d5c8,org.eclipse.jgit/src/org/eclipse/jgit/errors/StoredObjectRepresentationNotAvailableException.java,NGit/NGit.Errors/StoredObjectRepresentationNotAvailableException.cs,2010-06-27 04:46:05,2010-10-06 18:31:38
bf4ffff07fb5be4a405ca13ae8baa13dee693b10,eec62970e6bdc27cf25063ae51b55cc76fb6d5c8,org.eclipse.jgit/src/org/eclipse/jgit/lib/LocalObjectRepresentation.java,NGit/NGit.Storage.File/LocalObjectRepresentation.cs,2010-06-27 04:16:06,2010-10-06 18:31:38
bf4ffff07fb5be4a405ca13ae8baa13dee693b10,eec62970e6bdc27cf25063ae51b55cc76fb6d5c8,org.eclipse.jgit/src/org/eclipse/jgit/lib/ObjectReuseAsIs.java,NGit/NGit.Storage.Pack/ObjectReuseAsIs.cs,2010-06-27 04:16:06,2010-10-06 18:31:38
bf4ffff07fb5be4a405ca13ae8baa13dee693b10,eec62970e6bdc27cf25063ae51b55cc76fb6d5c8,org.eclipse.jgit/src/org/eclipse/jgit/lib/StoredObjectRepresentation.java,NGit/NGit.Storage.Pack/StoredObjectRepresentation.cs,2010-06-27 04:16:06,2010-10-06 18:31:38
6fc3ecac848b357891da8a9749d35090dbb0ace3,eec62970e6bdc27cf25063ae51b55cc76fb6d5c8,org.eclipse.jgit/src/org/eclipse/jgit/lib/LocalObjectToPack.java,NGit/NGit.Storage.File/LocalObjectToPack.cs,2010-06-26 13:26:19,2010-10-06 18:31:38
a2208be6aaf4a3763beb1b6e0ef374d77570a165,eec62970e6bdc27cf25063ae51b55cc76fb6d5c8,org.eclipse.jgit/src/org/eclipse/jgit/lib/ObjectToPack.java,NGit/NGit.Storage.Pack/ObjectToPack.cs,2010-06-26 13:26:19,2010-10-06 18:31:38
8a9844b2afc4e30e60759c03a1428dc99a13619e,eec62970e6bdc27cf25063ae51b55cc76fb6d5c8,org.eclipse.jgit/src/org/eclipse/jgit/events/ListenerList.java,NGit/NGit.Events/ListenerList.cs,2010-06-26 08:03:41,2010-10-06 18:31:38
8a9844b2afc4e30e60759c03a1428dc99a13619e,eec62970e6bdc27cf25063ae51b55cc76fb6d5c8,org.eclipse.jgit/src/org/eclipse/jgit/events/RefsChangedEvent.java,NGit/NGit.Events/RefsChangedEvent.cs,2010-06-26 08:03:41,2010-10-06 18:31:38
8a9844b2afc4e30e60759c03a1428dc99a13619e,eec62970e6bdc27cf25063ae51b55cc76fb6d5c8,org.eclipse.jgit/src/org/eclipse/jgit/events/RepositoryListener.java,NGit/NGit.Events/RepositoryListener.cs,2010-06-26 08:03:41,2010-10-06 18:31:38
532421d98925f23ddaa63c8d5f22be24879a6385,eec62970e6bdc27cf25063ae51b55cc76fb6d5c8,org.eclipse.jgit/src/org/eclipse/jgit/lib/BaseRepositoryBuilder.java,NGit/NGit/BaseRepositoryBuilder.cs,2010-06-26 07:58:40,2010-10-06 18:31:38
532421d98925f23ddaa63c8d5f22be24879a6385,eec62970e6bdc27cf25063ae51b55cc76fb6d5c8,org.eclipse.jgit/src/org/eclipse/jgit/lib/FileRepositoryBuilder.java,NGit/NGit.Storage.File/FileRepositoryBuilder.cs,2010-06-26 07:58:40,2010-10-06 18:31:38
532421d98925f23ddaa63c8d5f22be24879a6385,eec62970e6bdc27cf25063ae51b55cc76fb6d5c8,org.eclipse.jgit/src/org/eclipse/jgit/lib/RepositoryBuilder.java,NGit/NGit/RepositoryBuilder.cs,2010-06-26 07:58:40,2010-10-06 18:31:38
5cfc29b491eece0ceb71e653763b6cc771e7bdfe,eec62970e6bdc27cf25063ae51b55cc76fb6d5c8,org.eclipse.jgit/src/org/eclipse/jgit/lib/ObjectReader.java,NGit/NGit/ObjectReader.cs,2010-06-26 07:58:01,2010-10-06 18:31:38
133c987f4db0788043b79e33582d0c0d4d6ce09a,eec62970e6bdc27cf25063ae51b55cc76fb6d5c8,org.eclipse.jgit/src/org/eclipse/jgit/lib/FileObjectDatabase.java,NGit/NGit.Storage.File/FileObjectDatabase.cs,2010-06-26 07:46:41,2010-10-06 18:31:38
cad10e6640258fd6bc6bc3183e4dbc61e83bf544,eec62970e6bdc27cf25063ae51b55cc76fb6d5c8,org.eclipse.jgit/src/org/eclipse/jgit/lib/ObjectDirectoryInserter.java,NGit/NGit.Storage.File/ObjectDirectoryInserter.cs,2010-06-26 07:46:41,2010-10-06 18:31:38
cad10e6640258fd6bc6bc3183e4dbc61e83bf544,eec62970e6bdc27cf25063ae51b55cc76fb6d5c8,org.eclipse.jgit/src/org/eclipse/jgit/lib/ObjectInserter.java,NGit/NGit/ObjectInserter.cs,2010-06-26 07:46:41,2010-10-06 18:31:38
4c14b7623dd2ff943350eb0f80d899b00450794f,eec62970e6bdc27cf25063ae51b55cc76fb6d5c8,org.eclipse.jgit/src/org/eclipse/jgit/lib/FileRepository.java,NGit/NGit.Storage.File/FileRepository.cs,2010-06-26 07:46:40,2010-10-06 18:31:38
3c51b35e03efc268dda087d9eec1596a35faee3a,eec62970e6bdc27cf25063ae51b55cc76fb6d5c8,org.eclipse.jgit.test/tst/org/eclipse/jgit/lib/RepositorySetupWorkDirTest.java,NGit.Test/NGit.Storage.File/RepositorySetupWorkDirTest.cs,2010-06-16 13:50:26,2010-10-06 18:31:38
3c51b35e03efc268dda087d9eec1596a35faee3a,eec62970e6bdc27cf25063ae51b55cc76fb6d5c8,org.eclipse.jgit/src/org/eclipse/jgit/lib/ConfigConstants.java,NGit/NGit/ConfigConstants.cs,2010-06-16 13:50:26,2010-10-06 18:31:38
920d89d6af01a668e8fada15e7ba3f6f83efc10c,eec62970e6bdc27cf25063ae51b55cc76fb6d5c8,org.eclipse.jgit.test/tst/org/eclipse/jgit/util/ChangeIdUtilTest.java,NGit.Test/NGit.Util/ChangeIdUtilTest.cs,2010-06-05 08:42:14,2010-10-06 18:31:38
920d89d6af01a668e8fada15e7ba3f6f83efc10c,eec62970e6bdc27cf25063ae51b55cc76fb6d5c8,org.eclipse.jgit/src/org/eclipse/jgit/util/ChangeIdUtil.java,NGit/NGit.Util/ChangeIdUtil.cs,2010-06-05 08:42:14,2010-10-06 18:31:38
5b0e73b849d19c9f072c4c6738a5d5adae413112,eec62970e6bdc27cf25063ae51b55cc76fb6d5c8,org.eclipse.jgit.test/tst/org/eclipse/jgit/api/MergeCommandTest.java,NGit.Test/NGit.Api/MergeCommandTest.cs,2010-05-24 21:52:28,2010-10-06 18:31:38
5b0e73b849d19c9f072c4c6738a5d5adae413112,eec62970e6bdc27cf25063ae51b55cc76fb6d5c8,org.eclipse.jgit/src/org/eclipse/jgit/api/CheckoutConflictException.java,NGit/NGit.Api.Errors/CheckoutConflictException.cs,2010-05-24 21:52:28,2010-10-06 18:31:38
5b0e73b849d19c9f072c4c6738a5d5adae413112,eec62970e6bdc27cf25063ae51b55cc76fb6d5c8,org.eclipse.jgit/src/org/eclipse/jgit/api/CheckoutConflictException.java,NGit/NGit.Errors/CheckoutConflictException.cs,2010-05-24 21:52:28,2010-10-06 18:31:38
5b0e73b849d19c9f072c4c6738a5d5adae413112,eec62970e6bdc27cf25063ae51b55cc76fb6d5c8,org.eclipse.jgit/src/org/eclipse/jgit/api/InvalidMergeHeadsException.java,NGit/NGit.Api.Errors/InvalidMergeHeadsException.cs,2010-05-24 21:52:28,2010-10-06 18:31:38
5b0e73b849d19c9f072c4c6738a5d5adae413112,eec62970e6bdc27cf25063ae51b55cc76fb6d5c8,org.eclipse.jgit/src/org/eclipse/jgit/api/MergeCommand.java,NGit/NGit.Api/MergeCommand.cs,2010-05-24 21:52:28,2010-10-06 18:31:38
5b0e73b849d19c9f072c4c6738a5d5adae413112,eec62970e6bdc27cf25063ae51b55cc76fb6d5c8,org.eclipse.jgit/src/org/eclipse/jgit/api/MergeResult.java,NGit/NGit.Merge/MergeResult.cs,2010-05-24 21:52:28,2010-10-06 18:31:38
6ca9843f3ebbea152969a8b795efce1d4ff15dbf,eec62970e6bdc27cf25063ae51b55cc76fb6d5c8,org.eclipse.jgit/src/org/eclipse/jgit/api/WrongRepositoryStateException.java,NGit/NGit.Api.Errors/WrongRepositoryStateException.cs,2010-05-21 06:49:46,2010-10-06 18:31:38
f3d8a8ecad614906a2c4ec0077cdb24129da6c6d,eec62970e6bdc27cf25063ae51b55cc76fb6d5c8,org.eclipse.jgit/src/org/eclipse/jgit/JGitText.java,NGit/NGit/JGitText.cs,2010-05-20 04:37:16,2010-10-06 18:31:38
f3fb5824ba45197787bc4ffb81fafcd576c60291,eec62970e6bdc27cf25063ae51b55cc76fb6d5c8,org.eclipse.jgit.test/tst/org/eclipse/jgit/api/CommitAndLogCommandTests.java,NGit.Test/NGit.Api/CommitAndLogCommandTests.cs,2010-05-10 20:17:55,2010-10-06 18:31:38
f3fb5824ba45197787bc4ffb81fafcd576c60291,eec62970e6bdc27cf25063ae51b55cc76fb6d5c8,org.eclipse.jgit/src/org/eclipse/jgit/api/CommitCommand.java,NGit/NGit.Api/CommitCommand.cs,2010-05-10 20:17:55,2010-10-06 18:31:38
f3fb5824ba45197787bc4ffb81fafcd576c60291,eec62970e6bdc27cf25063ae51b55cc76fb6d5c8,org.eclipse.jgit/src/org/eclipse/jgit/api/ConcurrentRefUpdateException.java,NGit/NGit.Api.Errors/ConcurrentRefUpdateException.cs,2010-05-10 20:17:55,2010-10-06 18:31:38
f3fb5824ba45197787bc4ffb81fafcd576c60291,eec62970e6bdc27cf25063ae51b55cc76fb6d5c8,org.eclipse.jgit/src/org/eclipse/jgit/api/Git.java,NGit/NGit.Api/Git.cs,2010-05-10 20:17:55,2010-10-06 18:31:38
f3fb5824ba45197787bc4ffb81fafcd576c60291,eec62970e6bdc27cf25063ae51b55cc76fb6d5c8,org.eclipse.jgit/src/org/eclipse/jgit/api/GitAPIException.java,NGit/NGit.Api.Errors/GitAPIException.cs,2010-05-10 20:17:55,2010-10-06 18:31:38
f3fb5824ba45197787bc4ffb81fafcd576c60291,eec62970e6bdc27cf25063ae51b55cc76fb6d5c8,org.eclipse.jgit/src/org/eclipse/jgit/api/GitCommand.java,NGit/NGit.Api/GitCommand.cs,2010-05-10 20:17:55,2010-10-06 18:31:38
f3fb5824ba45197787bc4ffb81fafcd576c60291,eec62970e6bdc27cf25063ae51b55cc76fb6d5c8,org.eclipse.jgit/src/org/eclipse/jgit/api/JGitInternalException.java,NGit/NGit.Api.Errors/JGitInternalException.cs,2010-05-10 20:17:55,2010-10-06 18:31:38
f3fb5824ba45197787bc4ffb81fafcd576c60291,eec62970e6bdc27cf25063ae51b55cc76fb6d5c8,org.eclipse.jgit/src/org/eclipse/jgit/api/LogCommand.java,NGit/NGit.Api/LogCommand.cs,2010-05-10 20:17:55,2010-10-06 18:31:38
f3fb5824ba45197787bc4ffb81fafcd576c60291,eec62970e6bdc27cf25063ae51b55cc76fb6d5c8,org.eclipse.jgit/src/org/eclipse/jgit/api/NoHeadException.java,NGit/NGit.Api.Errors/NoHeadException.cs,2010-05-10 20:17:55,2010-10-06 18:31:38
f3fb5824ba45197787bc4ffb81fafcd576c60291,eec62970e6bdc27cf25063ae51b55cc76fb6d5c8,org.eclipse.jgit/src/org/eclipse/jgit/api/NoMessageException.java,NGit/NGit.Api.Errors/NoMessageException.cs,2010-05-10 20:17:55,2010-10-06 18:31:38
7a91b180c193fa9fc168e4ccdf2215a41db73353,eec62970e6bdc27cf25063ae51b55cc76fb6d5c8,org.eclipse.jgit.test/tst/org/eclipse/jgit/transport/ReceivePackRefFilterTest.java,NGit.Test/NGit.Transport/ReceivePackRefFilterTest.cs,2010-04-17 06:32:23,2010-10-06 18:31:38
2b6c555aee869b7ef01c5953a143ca18583af182,eec62970e6bdc27cf25063ae51b55cc76fb6d5c8,org.eclipse.jgit.test/tst/org/eclipse/jgit/util/RawParseUtils_ParsePersonIdentTest.java,NGit.Test/NGit.Util/RawParseUtils_ParsePersonIdentTest.cs,2010-03-23 15:21:18,2010-10-06 18:31:38
1f4a30b80d734d28baeb48fb45013716f0afb7a4,eec62970e6bdc27cf25063ae51b55cc76fb6d5c8,org.eclipse.jgit/src/org/eclipse/jgit/errors/RemoteRepositoryException.java,NGit/NGit.Errors/RemoteRepositoryException.cs,2010-03-13 07:08:14,2010-10-06 18:31:38
673b3984bdc540da99e1c390cf31f455896a1cda,eec62970e6bdc27cf25063ae51b55cc76fb6d5c8,org.eclipse.jgit/src/org/eclipse/jgit/util/io/MessageWriter.java,NGit/NGit.Util.IO/MessageWriter.cs,2010-03-13 07:08:13,2010-10-06 18:31:38
673b3984bdc540da99e1c390cf31f455896a1cda,eec62970e6bdc27cf25063ae51b55cc76fb6d5c8,org.eclipse.jgit/src/org/eclipse/jgit/util/io/StreamCopyThread.java,NGit/NGit.Util.IO/StreamCopyThread.cs,2010-03-13 07:08:13,2010-10-06 18:31:38
2ae9a85045915a38af2c300aa1874304fd8ea17b,eec62970e6bdc27cf25063ae51b55cc76fb6d5c8,org.eclipse.jgit.test/tst/org/eclipse/jgit/nls/GermanTranslatedBundle.java,NGit.Test/NGit.Nls/GermanTranslatedBundle.cs,2010-03-11 21:19:34,2010-10-06 18:31:38
2ae9a85045915a38af2c300aa1874304fd8ea17b,eec62970e6bdc27cf25063ae51b55cc76fb6d5c8,org.eclipse.jgit.test/tst/org/eclipse/jgit/nls/MissingPropertyBundle.java,NGit.Test/NGit.Nls/MissingPropertyBundle.cs,2010-03-11 21:19:34,2010-10-06 18:31:38
2ae9a85045915a38af2c300aa1874304fd8ea17b,eec62970e6bdc27cf25063ae51b55cc76fb6d5c8,org.eclipse.jgit.test/tst/org/eclipse/jgit/nls/NoPropertiesBundle.java,NGit.Test/NGit.Nls/NoPropertiesBundle.cs,2010-03-11 21:19:34,2010-10-06 18:31:38
2ae9a85045915a38af2c300aa1874304fd8ea17b,eec62970e6bdc27cf25063ae51b55cc76fb6d5c8,org.eclipse.jgit.test/tst/org/eclipse/jgit/nls/NonTranslatedBundle.java,NGit.Test/NGit.Nls/NonTranslatedBundle.cs,2010-03-11 21:19:34,2010-10-06 18:31:38
2ae9a85045915a38af2c300aa1874304fd8ea17b,eec62970e6bdc27cf25063ae51b55cc76fb6d5c8,org.eclipse.jgit.test/tst/org/eclipse/jgit/nls/TestNLS.java,NGit.Test/NGit.Nls/TestNLS.cs,2010-03-11 21:19:34,2010-10-06 18:31:38
2ae9a85045915a38af2c300aa1874304fd8ea17b,eec62970e6bdc27cf25063ae51b55cc76fb6d5c8,org.eclipse.jgit.test/tst/org/eclipse/jgit/nls/TestTranslationBundle.java,NGit.Test/NGit.Nls/TestTranslationBundle.cs,2010-03-11 21:19:34,2010-10-06 18:31:38
2ae9a85045915a38af2c300aa1874304fd8ea17b,eec62970e6bdc27cf25063ae51b55cc76fb6d5c8,org.eclipse.jgit/src/org/eclipse/jgit/errors/TranslationBundleException.java,NGit/NGit.Errors/TranslationBundleException.cs,2010-03-11 21:19:34,2010-10-06 18:31:38
2ae9a85045915a38af2c300aa1874304fd8ea17b,eec62970e6bdc27cf25063ae51b55cc76fb6d5c8,org.eclipse.jgit/src/org/eclipse/jgit/errors/TranslationBundleLoadingException.java,NGit/NGit.Errors/TranslationBundleLoadingException.cs,2010-03-11 21:19:34,2010-10-06 18:31:38
2ae9a85045915a38af2c300aa1874304fd8ea17b,eec62970e6bdc27cf25063ae51b55cc76fb6d5c8,org.eclipse.jgit/src/org/eclipse/jgit/errors/TranslationStringMissingException.java,NGit/NGit.Errors/TranslationStringMissingException.cs,2010-03-11 21:19:34,2010-10-06 18:31:38
2ae9a85045915a38af2c300aa1874304fd8ea17b,eec62970e6bdc27cf25063ae51b55cc76fb6d5c8,org.eclipse.jgit/src/org/eclipse/jgit/nls/GlobalBundleCache.java,NGit/NGit.Nls/GlobalBundleCache.cs,2010-03-11 21:19:34,2010-10-06 18:31:38
2ae9a85045915a38af2c300aa1874304fd8ea17b,eec62970e6bdc27cf25063ae51b55cc76fb6d5c8,org.eclipse.jgit/src/org/eclipse/jgit/nls/NLS.java,NGit/NGit.Nls/NLS.cs,2010-03-11 21:19:34,2010-10-06 18:31:38
2ae9a85045915a38af2c300aa1874304fd8ea17b,eec62970e6bdc27cf25063ae51b55cc76fb6d5c8,org.eclipse.jgit/src/org/eclipse/jgit/nls/TranslationBundle.java,NGit/NGit.Nls/TranslationBundle.cs,2010-03-11 21:19:34,2010-10-06 18:31:38
e54d33b6873f0b392640f9200398861210ac9374,eec62970e6bdc27cf25063ae51b55cc76fb6d5c8,org.eclipse.jgit/src/org/eclipse/jgit/transport/RefFilter.java,NGit/NGit.Transport/RefFilter.cs,2010-02-11 02:54:38,2010-10-06 18:31:38
329abf721214f60077c9b17cc2c4235bdeed2c4f,eec62970e6bdc27cf25063ae51b55cc76fb6d5c8,org.spearce.jgit.test/tst/org/spearce/jgit/dircache/DirCacheEntryTest.java,NGit.Test/NGit.Dircache/DirCacheEntryTest.cs,2010-02-04 10:58:20,2010-10-06 18:31:38
01b5392cdbc12ce2e21fd1d1afbd61fdf97e1c38,eec62970e6bdc27cf25063ae51b55cc76fb6d5c8,org.eclipse.jgit.test/tst/org/eclipse/jgit/lib/ObjectIdRefTest.java,NGit.Test/NGit/ObjectIdRefTest.cs,2010-01-24 02:10:12,2010-10-06 18:31:38
01b5392cdbc12ce2e21fd1d1afbd61fdf97e1c38,eec62970e6bdc27cf25063ae51b55cc76fb6d5c8,org.eclipse.jgit.test/tst/org/eclipse/jgit/lib/RefDirectoryTest.java,NGit.Test/NGit.Storage.File/RefDirectoryTest.cs,2010-01-24 02:10:12,2010-10-06 18:31:38
01b5392cdbc12ce2e21fd1d1afbd61fdf97e1c38,eec62970e6bdc27cf25063ae51b55cc76fb6d5c8,org.eclipse.jgit.test/tst/org/eclipse/jgit/lib/SymbolicRefTest.java,NGit.Test/NGit/SymbolicRefTest.cs,2010-01-24 02:10:12,2010-10-06 18:31:38
01b5392cdbc12ce2e21fd1d1afbd61fdf97e1c38,eec62970e6bdc27cf25063ae51b55cc76fb6d5c8,org.eclipse.jgit/src/org/eclipse/jgit/lib/ObjectIdRef.java,NGit/NGit/ObjectIdRef.cs,2010-01-24 02:10:12,2010-10-06 18:31:38
01b5392cdbc12ce2e21fd1d1afbd61fdf97e1c38,eec62970e6bdc27cf25063ae51b55cc76fb6d5c8,org.eclipse.jgit/src/org/eclipse/jgit/lib/RefDirectory.java,NGit/NGit.Storage.File/RefDirectory.cs,2010-01-24 02:10:12,2010-10-06 18:31:38
01b5392cdbc12ce2e21fd1d1afbd61fdf97e1c38,eec62970e6bdc27cf25063ae51b55cc76fb6d5c8,org.eclipse.jgit/src/org/eclipse/jgit/lib/RefDirectoryRename.java,NGit/NGit.Storage.File/RefDirectoryRename.cs,2010-01-24 02:10:12,2010-10-06 18:31:38
01b5392cdbc12ce2e21fd1d1afbd61fdf97e1c38,eec62970e6bdc27cf25063ae51b55cc76fb6d5c8,org.eclipse.jgit/src/org/eclipse/jgit/lib/RefDirectoryUpdate.java,NGit/NGit.Storage.File/RefDirectoryUpdate.cs,2010-01-24 02:10:12,2010-10-06 18:31:38
01b5392cdbc12ce2e21fd1d1afbd61fdf97e1c38,eec62970e6bdc27cf25063ae51b55cc76fb6d5c8,org.eclipse.jgit/src/org/eclipse/jgit/lib/SymbolicRef.java,NGit/NGit/SymbolicRef.cs,2010-01-24 02:10:12,2010-10-06 18:31:38
ab697ff18b09e5d49e028b7a32844d408b02ccf2,eec62970e6bdc27cf25063ae51b55cc76fb6d5c8,org.eclipse.jgit.test/tst/org/eclipse/jgit/util/RefListTest.java,NGit.Test/NGit.Util/RefListTest.cs,2010-01-23 07:27:30,2010-10-06 18:31:38
ab697ff18b09e5d49e028b7a32844d408b02ccf2,eec62970e6bdc27cf25063ae51b55cc76fb6d5c8,org.eclipse.jgit.test/tst/org/eclipse/jgit/util/RefMapTest.java,NGit.Test/NGit.Util/RefMapTest.cs,2010-01-23 07:27:30,2010-10-06 18:31:38
ab697ff18b09e5d49e028b7a32844d408b02ccf2,eec62970e6bdc27cf25063ae51b55cc76fb6d5c8,org.eclipse.jgit/src/org/eclipse/jgit/util/RefList.java,NGit/NGit.Util/RefList.cs,2010-01-23 07:27:30,2010-10-06 18:31:38
ab697ff18b09e5d49e028b7a32844d408b02ccf2,eec62970e6bdc27cf25063ae51b55cc76fb6d5c8,org.eclipse.jgit/src/org/eclipse/jgit/util/RefMap.java,NGit/NGit.Util/RefMap.cs,2010-01-23 07:27:30,2010-10-06 18:31:38
cc64794b245a094175d817bce6b581d4dddb47cf,eec62970e6bdc27cf25063ae51b55cc76fb6d5c8,org.eclipse.jgit/src/org/eclipse/jgit/lib/CachedObjectDirectory.java,NGit/NGit.Storage.File/CachedObjectDirectory.cs,2010-01-22 01:16:42,2010-10-06 18:31:38
8c836c6f21a07897faae41c6132ba49e66025328,eec62970e6bdc27cf25063ae51b55cc76fb6d5c8,org.eclipse.jgit/src/org/eclipse/jgit/util/io/DisabledOutputStream.java,NGit/NGit.Util.IO/DisabledOutputStream.cs,2010-01-13 03:01:28,2010-10-06 18:31:38
2e5214462e7f7d93ff39b522c2343105443393c9,707a3b706bb97dced130cd0701a6c96b8052f275,org.eclipse.jgit.http.server/src/org/eclipse/jgit/http/server/resolver/UploadPackFactory.java,NGit/NGit.Transport.Resolver/UploadPackFactory.cs,2010-01-13 03:01:28,2011-02-25 20:42:11
81fea92ef725ab2d685b02052da30a76fb9c5582,707a3b706bb97dced130cd0701a6c96b8052f275,org.eclipse.jgit.http.server/src/org/eclipse/jgit/http/server/resolver/ReceivePackFactory.java,NGit/NGit.Transport.Resolver/ReceivePackFactory.cs,2010-01-13 03:01:28,2011-02-25 20:42:11
5e33a1de831fcbac4ff53cadacfdfc8e7b204ffe,707a3b706bb97dced130cd0701a6c96b8052f275,org.eclipse.jgit.http.server/src/org/eclipse/jgit/http/server/resolver/FileResolver.java,NGit/NGit.Transport.Resolver/FileResolver.cs,2010-01-13 03:01:24,2011-02-25 20:42:11
5e33a1de831fcbac4ff53cadacfdfc8e7b204ffe,707a3b706bb97dced130cd0701a6c96b8052f275,org.eclipse.jgit.http.server/src/org/eclipse/jgit/http/server/resolver/RepositoryResolver.java,NGit/NGit.Transport.Resolver/RepositoryResolver.cs,2010-01-13 03:01:24,2011-02-25 20:42:11
5e33a1de831fcbac4ff53cadacfdfc8e7b204ffe,707a3b706bb97dced130cd0701a6c96b8052f275,org.eclipse.jgit.http.server/src/org/eclipse/jgit/http/server/resolver/ServiceNotAuthorizedException.java,NGit/NGit.Transport.Resolver/ServiceNotAuthorizedException.cs,2010-01-13 03:01:24,2011-02-25 20:42:11
5e33a1de831fcbac4ff53cadacfdfc8e7b204ffe,707a3b706bb97dced130cd0701a6c96b8052f275,org.eclipse.jgit.http.server/src/org/eclipse/jgit/http/server/resolver/ServiceNotEnabledException.java,NGit/NGit.Transport.Resolver/ServiceNotEnabledException.cs,2010-01-13 03:01:24,2011-02-25 20:42:11
f945c424d0cc7688cd160fd5ed9636cd2479e378,eec62970e6bdc27cf25063ae51b55cc76fb6d5c8,org.eclipse.jgit.junit/src/org/eclipse/jgit/junit/TestRepository.java,NGit.Test/NGit.Junit/TestRepository.cs,2010-01-13 02:56:55,2010-10-06 18:31:38
6d930cd572463ede104126ac68a84bc283a1aa3d,eec62970e6bdc27cf25063ae51b55cc76fb6d5c8,org.eclipse.jgit.test/tst/org/eclipse/jgit/merge/MergeAlgorithmTest.java,NGit.Test/NGit.Merge/MergeAlgorithmTest.cs,2010-01-07 00:49:24,2010-10-06 18:31:38
6d930cd572463ede104126ac68a84bc283a1aa3d,eec62970e6bdc27cf25063ae51b55cc76fb6d5c8,org.eclipse.jgit/src/org/eclipse/jgit/merge/MergeAlgorithm.java,NGit/NGit.Merge/MergeAlgorithm.cs,2010-01-07 00:49:24,2010-10-06 18:31:38
6d930cd572463ede104126ac68a84bc283a1aa3d,eec62970e6bdc27cf25063ae51b55cc76fb6d5c8,org.eclipse.jgit/src/org/eclipse/jgit/merge/MergeChunk.java,NGit/NGit.Merge/MergeChunk.cs,2010-01-07 00:49:24,2010-10-06 18:31:38
6d930cd572463ede104126ac68a84bc283a1aa3d,eec62970e6bdc27cf25063ae51b55cc76fb6d5c8,org.eclipse.jgit/src/org/eclipse/jgit/merge/MergeFormatter.java,NGit/NGit.Merge/MergeFormatter.cs,2010-01-07 00:49:24,2010-10-06 18:31:38
6d930cd572463ede104126ac68a84bc283a1aa3d,eec62970e6bdc27cf25063ae51b55cc76fb6d5c8,org.eclipse.jgit/src/org/eclipse/jgit/merge/MergeResult.java,NGit/NGit.Merge/MergeResult.cs,2010-01-07 00:49:24,2010-10-06 18:31:38
2ef29ed106d5256958410edca09b9ae0cb35907b,eec62970e6bdc27cf25063ae51b55cc76fb6d5c8,org.eclipse.jgit.test/tst/org/eclipse/jgit/util/io/UnionInputStreamTest.java,NGit.Test/NGit.Util.IO/UnionInputStreamTest.cs,2010-01-04 23:03:50,2010-10-06 18:31:38
2ef29ed106d5256958410edca09b9ae0cb35907b,eec62970e6bdc27cf25063ae51b55cc76fb6d5c8,org.eclipse.jgit/src/org/eclipse/jgit/util/io/UnionInputStream.java,NGit/NGit.Util.IO/UnionInputStream.cs,2010-01-04 23:03:50,2010-10-06 18:31:38
b0772d7a5c74d68a31697ebc971438faa7a132f5,eec62970e6bdc27cf25063ae51b55cc76fb6d5c8,org.eclipse.jgit.test/tst/org/eclipse/jgit/diff/DiffTestDataGenerator.java,NGit.Test/NGit.Diff/DiffTestDataGenerator.cs,2009-11-05 06:27:21,2010-10-06 18:31:38
b0772d7a5c74d68a31697ebc971438faa7a132f5,eec62970e6bdc27cf25063ae51b55cc76fb6d5c8,org.eclipse.jgit.test/tst/org/eclipse/jgit/diff/MyersDiffPerformanceTest.java,NGit.Test/NGit.Diff/MyersDiffPerformanceTest.cs,2009-11-05 06:27:21,2010-10-06 18:31:38
b0772d7a5c74d68a31697ebc971438faa7a132f5,eec62970e6bdc27cf25063ae51b55cc76fb6d5c8,org.eclipse.jgit.test/tst/org/eclipse/jgit/util/CPUTimeStopWatch.java,NGit.Test/NGit.Util/CPUTimeStopWatch.cs,2009-11-05 06:27:21,2010-10-06 18:31:38
9108035763f7d9504671bc9bbddfb467100095e7,eec62970e6bdc27cf25063ae51b55cc76fb6d5c8,org.eclipse.jgit/src/org/eclipse/jgit/util/CachedAuthenticator.java,NGit/NGit.Util/CachedAuthenticator.cs,2009-11-03 08:55:52,2010-10-06 18:31:38
e336bad367516c593699d42100cf1654059ee7c7,eec62970e6bdc27cf25063ae51b55cc76fb6d5c8,org.eclipse.jgit.test/tst/org/eclipse/jgit/lib/SampleDataRepositoryTestCase.java,NGit.Test/NGit/SampleDataRepositoryTestCase.cs,2009-11-03 08:53:58,2010-10-06 18:31:38
49aac32500985440c8c7599ccf953f011da8a763,eec62970e6bdc27cf25063ae51b55cc76fb6d5c8,org.eclipse.jgit.junit/src/org/eclipse/jgit/junit/LocalDiskRepositoryTestCase.java,NGit.Test/NGit.Junit/LocalDiskRepositoryTestCase.cs,2009-11-03 08:53:58,2010-10-06 18:31:38
49aac32500985440c8c7599ccf953f011da8a763,eec62970e6bdc27cf25063ae51b55cc76fb6d5c8,org.eclipse.jgit.junit/src/org/eclipse/jgit/junit/MockSystemReader.java,NGit.Test/NGit.Junit/MockSystemReader.cs,2009-11-03 08:53:58,2010-10-06 18:31:38
d4e7b7060610678e863fbf091746ae1fcc240b0d,eec62970e6bdc27cf25063ae51b55cc76fb6d5c8,org.eclipse.jgit/src/org/eclipse/jgit/util/IO.java,NSch/NSch/IO.cs,2009-11-01 06:09:12,2010-10-06 18:31:38
b3e4ac2622891ec50d1b56d61585263fadcf9160,eec62970e6bdc27cf25063ae51b55cc76fb6d5c8,org.eclipse.jgit/src/org/eclipse/jgit/util/LongList.java,NGit/NGit.Util/LongList.cs,2009-10-09 05:35:44,2010-10-06 18:31:38
1a03c864a6c82ed76ebfe9504d983f5741d75032,eec62970e6bdc27cf25063ae51b55cc76fb6d5c8,org.eclipse.jgit.test/tst/org/eclipse/jgit/diff/MyersDiffTest.java,NGit.Test/NGit.Diff/MyersDiffTest.cs,2009-10-06 21:43:21,2010-10-06 18:31:38
d8a3b4eb310fd8f160c858ddb5c1160a29a14546,eec62970e6bdc27cf25063ae51b55cc76fb6d5c8,org.eclipse.jgit/src/org/eclipse/jgit/diff/MyersDiff.java,NGit/NGit.Diff/MyersDiff.cs,2009-10-06 21:43:16,2010-10-06 18:31:38
ffc8b42957a2f294960d5ad027e2c7e41d3f70cd,eec62970e6bdc27cf25063ae51b55cc76fb6d5c8,org.eclipse.jgit.test/tst/org/eclipse/jgit/lib/ReflogConfigTest.java,NGit.Test/NGit/ReflogConfigTest.cs,2009-10-03 01:49:15,2010-10-06 18:31:38
